"p_val","avg_log2FC","pct.1","pct.2","p_val_adj","cluster","gene"
1.36892304476378e-15,2.0806931621597,0.177,0.057,3.6973242516025e-11,"0","FAM167A"
8.67800381052774e-08,1.9995594705714,0.107,0.041,0.00234384204918544,"0","LINC00839"
8.17482807947431e-11,1.94932718684979,0.143,0.052,2.20793931598522e-06,"0","ASPN"
3.02361184355716e-08,1.86501614821097,0.129,0.053,0.000816647322826353,"0","LINC00278"
3.99600724739807e-08,1.85872926596774,0.1,0.035,0.00107928159744974,"0","SLC6A20"
2.38374758663594e-27,1.84481185679354,0.332,0.114,6.438263856745e-23,"0","NPR3"
7.12071643622564e-27,1.73266253590669,0.387,0.154,1.92323430226018e-22,"0","SORBS2"
1.20093308170818e-15,1.73155838458608,0.186,0.061,3.24360016038562e-11,"0","LINC01518"
2.22135734636973e-06,1.70365506099949,0.107,0.046,0.0599966405681001,"0","AC009315.1"
4.74247382521991e-61,1.69610977310977,0.699,0.29,1.28089475545365e-56,"0","SLITRK6"
9.18051534226781e-07,1.69103078672139,0.11,0.046,0.0247956538879311,"0","PTCH1"
2.88779801410435e-12,1.68857925982544,0.177,0.068,7.79965365629445e-08,"0","AL035446.1"
6.1888592381379e-20,1.62130998567506,0.47,0.268,1.67154899162866e-15,"0","KBTBD7"
4.53252172429738e-23,1.57876356597415,0.444,0.227,1.22418879251548e-18,"0","AGR2"
4.49146132344013e-13,1.55834626015886,0.227,0.097,1.21309878884795e-08,"0","GDNF"
6.57499338958008e-22,1.53840430762217,0.363,0.156,1.77583996459168e-17,"0","TLL1"
2.43323877829267e-12,1.53669134737226,0.255,0.125,6.57193461629066e-08,"0","DLK2"
1.82425132664476e-24,1.53136316851767,0.401,0.174,4.92712040813484e-20,"0","CSAG1"
6.1664157654217e-11,1.51447369895338,0.16,0.061,1.66548723408275e-06,"0","KLHL4"
3.93381905968625e-26,1.50452259371671,0.422,0.186,1.06248518983066e-21,"0","FHAD1"
2.98190648509811e-24,3.44680473925895,0.119,0.014,8.0538312256015e-20,"1","FAM72C"
5.54066457304539e-132,2.89541499141091,0.714,0.142,1.49647809453383e-127,"1","CKAP2L"
1.41246162599861e-168,2.76340152792971,0.874,0.195,3.81491760565965e-164,"1","CDCA5"
8.32828386483472e-143,2.73310321820087,0.795,0.171,2.24938618905321e-138,"1","NUF2"
2.40140995155164e-19,2.71938150380691,0.115,0.018,6.48596813814583e-15,"1","ISL1"
1.1323020103901e-136,2.69415048892224,0.764,0.152,3.05823449986261e-132,"1","CDCA8"
5.23998191679123e-17,2.6542640635075,0.112,0.02,1.41526671590614e-12,"1","TERT"
8.09599019590589e-134,2.64599514699801,0.768,0.163,2.18664599201222e-129,"1","NDC80"
4.43054640572898e-122,2.57563452574846,0.721,0.155,1.19664627872334e-117,"1","MND1"
2.7757588589491e-98,2.57370165128936,0.621,0.134,7.49704710213563e-94,"1","KIF18A"
7.75835363331241e-152,2.54343031511609,0.895,0.242,2.09545373282135e-147,"1","BRCA2"
2.47394702312355e-127,2.53882094772159,0.78,0.191,6.68188351475438e-123,"1","RAD51AP1"
2.25197797855763e-17,2.53605400408475,0.122,0.024,6.08236732228631e-13,"1","ABCG2"
4.9335577048747e-68,2.53149050432081,0.47,0.102,1.33250460050961e-63,"1","MYBL1"
3.00183138810081e-21,2.52781159278286,0.155,0.032,8.10764639612147e-17,"1","PIMREG"
1.77803430855397e-100,2.44598886468065,0.663,0.152,4.80229286397343e-96,"1","KIF14"
4.79283413924798e-129,2.42849228544401,0.838,0.235,1.29449657266949e-124,"1","BRCA1"
1.91513614371991e-60,2.41360716022046,0.413,0.086,5.17259121057311e-56,"1","EXO1"
5.77791436945348e-77,2.39679646487716,0.604,0.166,1.56055689204569e-72,"1","AURKA"
9.38300547966703e-62,2.39616823748761,0.494,0.129,2.53425595000327e-57,"1","CDC45"
8.2458915893064e-200,9.04038674484729,0.529,0.001,2.22713285935577e-195,"2","HLA-DQA2"
2.34355199938083e-100,8.5726138787594,0.339,0.013,6.32969959512768e-96,"2","MUCL1"
6.20344792107752e-46,8.27336770258882,0.125,0,1.67548924900383e-41,"2","RPTN"
2.78254690016166e-112,8.13983914464906,0.311,0.001,7.51538092264662e-108,"2","FETUB"
1.94622686594177e-48,8.11647036559939,0.131,0,5.25656414222213e-44,"2","C6orf15"
3.30271399792342e-37,7.81627607669623,0.1,0,8.92030023699138e-33,"2","KRT2"
6.04017308632987e-51,7.12263430513099,0.138,0,1.63139034888684e-46,"2","CYP4Z1"
1.44431729379341e-133,7.0912570111562,0.522,0.039,3.90095657880661e-129,"2","UNC5B-AS1"
1.32744005108733e-147,6.937078718571,0.446,0.009,3.58528283398177e-143,"2","VNN3"
1.94622686594177e-48,6.75781935894123,0.131,0,5.25656414222213e-44,"2","AL033397.1"
2.10248783197034e-35,6.51505567070247,0.104,0.001,5.67860938536869e-31,"2","FLG2"
1.31466936540981e-73,6.47475067891068,0.242,0.007,3.55079048903534e-69,"2","SPRR2B"
2.03932175602468e-141,6.44790555491876,0.505,0.027,5.50800413084706e-137,"2","CHI3L2"
1.89275202045222e-185,6.43091376650951,0.948,0.211,5.11213393203941e-181,"2","PI3"
9.83504426810806e-49,6.3341772816089,0.152,0.003,2.65634710637331e-44,"2","HAL"
6.80176545603017e-100,6.25551357313145,0.315,0.008,1.83708883201919e-95,"2","SPTSSB"
2.74586365744598e-70,6.22681354586713,0.228,0.006,7.41630315239585e-66,"2","FAM3D"
4.27220129646244e-43,6.22623902275509,0.121,0.001,1.15387884816154e-38,"2","ACER1"
5.04534281361506e-34,6.19586520308293,0.104,0.002,1.36269664052929e-29,"2","TGM3"
1.20475433992107e-50,6.11672265061203,0.142,0.001,3.25392099669283e-46,"2","HYAL4"
9.59367191856286e-110,5.82310901521638,0.332,0.005,2.59115484848464e-105,"3","IGHGP"
2.27422489207384e-40,5.67427859717061,0.147,0.006,6.14245401100224e-36,"3","CXCL13"
1.25000504229086e-45,5.52258928227945,0.124,0.001,3.37613861872338e-41,"3","SENCR"
1.02118337005551e-99,5.34194062563933,0.512,0.053,2.75811416418294e-95,"3","HAS2"
1.48763919299476e-79,5.33393292897718,0.281,0.01,4.01796469635955e-75,"3","BATF3"
1.69937377669753e-46,5.25812101769283,0.161,0.005,4.58983863348236e-42,"3","HAVCR2"
5.32408532351118e-47,5.22687480475088,0.138,0.002,1.43798220502713e-42,"3","AMZ1"
3.60949642186364e-84,5.14821816158756,0.512,0.068,9.74888888581151e-80,"3","GNLY"
8.12024536589367e-70,5.10494299273502,0.226,0.005,2.19319707087422e-65,"3","CARD11"
2.61309919121823e-155,5.10108895609067,0.516,0.016,7.05771960556133e-151,"3","KCTD14"
6.99968655167903e-73,5.03646124566468,0.226,0.004,1.89054534074299e-68,"3","FCHO1"
1.99002485760182e-107,5.02194265814301,0.364,0.011,5.37485813789674e-103,"3","AC022613.1"
1.0185345683377e-69,4.92706111246843,0.244,0.008,2.75096001562329e-65,"3","TRIM58"
6.72494489836926e-147,4.91803777229861,0.567,0.031,1.81634036760055e-142,"3","OLR1"
1.98340097158918e-130,4.86978594253502,0.783,0.122,5.35696768416522e-126,"3","FN1"
1.49408621457693e-179,4.85973509166022,0.862,0.107,4.03537745695082e-175,"3","NNMT"
5.40526964618446e-50,4.83653430157976,0.198,0.01,1.45990927873796e-45,"3","AC004817.3"
1.50090664735812e-142,4.80598232061255,0.502,0.019,4.05379876384955e-138,"3","NRN1"
4.90928447352171e-126,4.80499829537519,0.521,0.034,1.32594864345348e-121,"3","MYO1G"
1.73300549393744e-33,4.7151414427562,0.106,0.002,4.68067453857563e-29,"3","AC044810.2"
1.6133009222494e-50,7.55437378922025,0.163,0.003,4.35736446090341e-46,"4","DEFB4A"
2.29440492264261e-91,7.15001448446576,0.241,0.001,6.19695825556543e-87,"4","PSG4"
4.93426390284467e-227,6.54373635724554,0.741,0.022,1.33269533751932e-222,"4","MYH14"
7.49088105189692e-174,6.18055255706466,0.994,0.16,2.02321206330684e-169,"4","DEFB1"
1.22545151000642e-125,6.16342549908612,0.416,0.01,3.30982198337634e-121,"4","TCN1"
3.31337959658339e-61,5.85909404545762,0.181,0.002,8.94910695241207e-57,"4","AP005262.2"
8.46364933634797e-57,5.57342300452703,0.175,0.003,2.28594704925422e-52,"4","CNN1"
8.63783251124564e-32,5.53506887899984,0.102,0.002,2.33299218296234e-27,"4","NPTX1"
1.27723658945239e-42,5.47891386324915,0.127,0.002,3.44968830445196e-38,"4","TCF15"
5.24425604269357e-50,5.4143911909867,0.157,0.003,1.41642111457111e-45,"4","CHP2"
1.51049784993605e-78,5.40194727483092,0.247,0.005,4.07970364289229e-74,"4","LINC02055"
1.34733260721957e-72,5.14810823431536,0.217,0.003,3.63901063883933e-68,"4","SLC1A1"
1.2500872885477e-40,5.11260275977022,0.127,0.002,3.37636075763847e-36,"4","PDE9A"
1.96063232308597e-22,5.0944817755292,0.139,0.015,5.2954718414229e-18,"4","DHRS9"
1.91156777039813e-87,5.09004040132869,0.295,0.008,5.16295339106831e-83,"4","STRA6"
5.38591037581329e-41,5.06446990132488,0.133,0.003,1.45468053340341e-36,"4","DEFB126"
1.12223382070333e-65,5.03694423472562,0.199,0.003,3.03104132633763e-61,"4","TDRD5"
1.65058213555635e-44,4.8822475441866,0.193,0.01,4.45805728992413e-40,"4","MB"
8.28700699625456e-31,4.85195408911067,0.12,0.005,2.23823771961839e-26,"4","AC073476.3"
1.5133885374049e-33,4.75250796923091,0.102,0.002,4.08751110067691e-29,"4","SULT4A1"
3.87879748150683e-147,8.98551224014553,0.376,0,1.04762441178018e-142,"5","MAGEA4-AS1"
0,8.54841568908025,0.964,0.008,0,"5","MAGEA4"
1.30175906510216e-283,8.47999230918496,0.752,0.005,3.51592105893444e-279,"5","MAGEA1"
0,8.36029880101506,0.952,0.006,0,"5","CTAG2"
9.79741193146686e-242,8.32320641470816,0.642,0.003,2.64618298856988e-237,"5","MAGEB2"
2.5977803050861e-186,8.25770210925127,0.497,0.002,7.01634482600706e-182,"5","AP003900.1"
4.20552345827587e-289,8.23988681491052,0.745,0.002,1.13586983084573e-284,"5","MAGEA10"
4.37942039085884e-130,8.20221503823435,0.352,0.002,1.18283765336706e-125,"5","AC107419.1"
9.78180388767555e-152,8.18723154100054,0.394,0.001,2.64196741202229e-147,"5","AL445647.1"
2.72849768386776e-159,8.01844796008813,0.436,0.003,7.36939939435843e-155,"5","PURPL"
7.92712644229797e-135,7.93299989833836,0.364,0.002,2.14103758080026e-130,"5","SCN2A"
1.13693836805214e-161,7.69873426033497,0.442,0.003,3.07075683827202e-157,"5","PRAME"
8.60332078804482e-78,7.61578314141291,0.206,0.001,2.32367091164302e-73,"5","LINC01297"
8.67492341941516e-92,7.42860480762851,0.248,0.001,2.34301006634984e-87,"5","C8orf88"
1.30736082845601e-96,7.36267229059115,0.255,0.001,3.53105086157684e-92,"5","SAGE1"
3.81073308423816e-113,7.33462968026307,0.309,0.002,1.02924089872188e-108,"5","LINC00470"
2.56213729370674e-59,7.25613622071191,0.152,0,6.92007661657252e-55,"5","PRKAA2"
5.99341329357242e-125,7.24498035400793,0.333,0.001,1.61876099646098e-120,"5","MAGEA9B"
1.92291773571545e-54,7.03532450281287,0.145,0.001,5.19360851239386e-50,"5","NCAM2"
9.48568188501052e-71,7.03388111944469,0.188,0.001,2.56198782032249e-66,"5","CT45A10"
9.03939994705401e-29,4.84255196846038,0.184,0.013,2.44145153169982e-24,"6","SLC44A4"
1.53416413839456e-55,4.73763085270377,0.194,0.004,4.14362392138988e-51,"6","PRR9"
1.14642764701035e-35,4.56824838851188,0.163,0.007,3.09638643181025e-31,"6","CU639417.4"
3.64831059077899e-70,4.05275684298156,0.918,0.229,9.85372207463498e-66,"6","DSG1"
1.52993950078337e-62,3.95454630718842,0.653,0.101,4.13221359766581e-58,"6","IGFL2"
3.74015206726255e-16,3.94924687068234,0.122,0.012,1.01017767184694e-11,"6","CDH16"
8.79471885342822e-58,3.92835237453385,0.286,0.013,2.37536561512243e-53,"6","EPHX3"
1.54303757309663e-14,3.9111189675579,0.102,0.009,4.1675901811767e-10,"6","CALB2"
2.00455089468288e-52,3.72294061586018,0.388,0.035,5.41409151144899e-48,"6","AL139246.5"
4.1634553831428e-59,3.68355941309893,0.51,0.057,1.12450766443304e-54,"6","CWH43"
3.0982027617452e-13,3.37080745752839,0.102,0.01,8.36793583919762e-09,"6","LINC01559"
2.59987322681598e-14,3.20930745951019,0.153,0.022,7.02199759830727e-10,"6","LAMA4"
8.98175085475223e-43,3.17662120789582,0.561,0.102,2.42588108836003e-38,"6","CRYAB"
4.13943377626418e-13,3.1762318744283,0.153,0.024,1.11801966863119e-08,"6","PRSS3"
3.01966468720903e-16,3.09481834509337,0.143,0.016,8.15581235368287e-12,"6","CALHM5"
4.8432538736254e-35,3.071849524051,0.541,0.118,1.30811443872748e-30,"6","SLAMF7"
7.14816660656932e-05,2.97331398307212,0.102,0.029,1,"6","GAST"
1.46307250435613e-09,2.93253935655272,0.245,0.076,3.95161252701548e-05,"6","PLAAT2"
1.4504234312905e-17,2.89723400229531,0.153,0.017,3.9174486455725e-13,"6","ERP27"
1.07766423674722e-06,2.89058175237228,0.204,0.069,0.0291066333703056,"6","SCNN1D"
3.6088383460769e-36,7.12776724198209,0.293,0.025,9.74711148891911e-32,"7","DIO2"
5.86342004034493e-129,6.6666554297008,0.533,0.014,1.58365111869676e-124,"7","CACNB4"
5.93597237885893e-39,6.41333277088069,0.413,0.05,1.60324677980601e-34,"7","DCN"
1.99597319514315e-68,6.27525263906546,0.213,0.002,5.39092400276212e-64,"7","RIC3"
2.12087272314709e-38,6.06487480952191,0.133,0.002,5.72826513794798e-34,"7","FAM3B"
3.29615857483216e-126,5.8529198638617,0.547,0.016,8.90259469476419e-122,"7","CHL1"
5.37982854349614e-55,5.82958488828769,0.187,0.003,1.45303789131287e-50,"7","ZNF626"
2.63487475406374e-58,5.60278744929965,0.293,0.012,7.11653322325074e-54,"7","ID4"
1.16200768383211e-31,5.55145217704988,0.293,0.029,3.13846655326215e-27,"7","IGFBP5"
3.28892237351242e-40,5.52985744649437,0.16,0.004,8.8830504386197e-36,"7","CD248"
4.95587285484169e-66,5.32441826717126,0.347,0.015,1.33853169936419e-61,"7","C5orf66-AS1"
8.89023450410746e-37,5.20129195144691,0.173,0.006,2.40116343721438e-32,"7","GPX3"
2.81955141139115e-45,5.10567237748617,0.227,0.009,7.61532640702636e-41,"7","CADM1"
3.36237909564498e-30,4.81762481551805,0.267,0.025,9.08144969942754e-26,"7","C2CD4A"
4.06067840497937e-20,4.81212379940001,0.12,0.007,1.09674863040088e-15,"7","MAOB"
7.3385497832692e-33,4.80128529246112,0.2,0.011,1.98206891096318e-28,"7","BEX4"
9.17219335100609e-43,4.75228565938737,0.213,0.008,2.47731770217323e-38,"7","GULP1"
8.73368300185461e-44,4.74603689674483,0.227,0.009,2.35888044197091e-39,"7","HLF"
0.000458342574968832,4.69481547029578,0.107,0.033,1,"7","NPPC"
7.47564791570903e-17,4.60765560227276,0.133,0.011,2.01909774555385e-12,"7","PHYHD1"
1.95086538130078e-151,6.44737755955991,0.694,0.012,5.26909230835529e-147,"8","CCL13"
8.04481367563361e-54,6.03739620778105,0.361,0.012,2.17282372565188e-49,"8","MSR1"
1.18506724978594e-58,5.08512831288985,0.667,0.048,3.20074813494685e-54,"8","C1QC"
6.2443242418596e-09,4.70494509440079,0.111,0.009,0.000168652953448386,"8","SIGLEC1"
1.35628927731137e-17,4.64838998163504,0.194,0.013,3.66320170909027e-13,"8","MPEG1"
8.21486769048867e-10,4.6319259229495,0.111,0.008,2.21875361452409e-05,"8","LILRB5"
2.18902411785295e-26,4.6029686093737,0.222,0.01,5.91233523990904e-22,"8","MS4A4A"
1.44930898154467e-26,4.3672779704766,0.389,0.036,3.91443862825401e-22,"8","FCGR3A"
4.22122553772531e-26,4.3077988670502,0.333,0.026,1.14011080548423e-21,"8","MS4A6A"
2.58432499486437e-06,4.24130284573499,0.139,0.021,0.0698000337862917,"8","CNIH2"
7.56745434104875e-05,4.10191958152154,0.111,0.018,1,"8","GIMAP8"
5.28354633463203e-20,4.04022412302899,0.333,0.035,1.42703302952076e-15,"8","SLC40A1"
1.94368036130262e-23,3.97984061654616,0.222,0.012,5.24968628784224e-19,"8","MRC1"
2.85386699387661e-14,3.89333463580845,0.167,0.012,7.70800936376134e-10,"8","CD163"
2.38057092757687e-25,3.86818216707078,0.556,0.083,6.42968401829237e-21,"8","C1QB"
2.18588786409172e-09,3.82296894776067,0.167,0.019,5.90386453212532e-05,"8","SLCO2B1"
2.87127710441026e-10,3.76472348974662,0.194,0.024,7.75503233130166e-06,"8","CYBB"
1.68614969058439e-07,3.65999264258967,0.194,0.032,0.00455412169929937,"8","OTULINL"
1.89003813498985e-05,3.64809358861705,0.111,0.016,0.510480399879408,"8","LILRB4"
3.59460960656335e-34,3.62502488378474,0.667,0.088,9.70868108636696e-30,"8","C1QA"
