"sample_id","malignant_state_cluster","malignant_state_label","gene","cell_number","percent_expressed","mean_log_normalized_expression"
"OSCC","2","Basal_epithelial","COL1A1",2,0,0
"OSCC","2","Basal_epithelial","EMP1",2,50,0.128657717267492
"OSCC","2","Basal_epithelial","MYH11",2,0,0
"OSCC","2","Basal_epithelial","SASH1",2,0,0
"OSCC","4","Basal_epithelial","COL1A1",1,0,0
"OSCC","4","Basal_epithelial","EMP1",1,100,2.23547642343045
"OSCC","4","Basal_epithelial","MYH11",1,0,0
"OSCC","4","Basal_epithelial","SASH1",1,0,0
"OSCC","6","Basal_epithelial","COL1A1",91,52.75,0.209946481955863
"OSCC","6","Basal_epithelial","EMP1",91,85.71,0.627384630043462
"OSCC","6","Basal_epithelial","MYH11",91,4.4,0.00672080633571608
"OSCC","6","Basal_epithelial","SASH1",91,0,0
"OSCC","7","Basal_epithelial","COL1A1",1,100,0.133835656799764
"OSCC","7","Basal_epithelial","EMP1",1,100,0.133835656799764
"OSCC","7","Basal_epithelial","MYH11",1,100,0.133835656799764
"OSCC","7","Basal_epithelial","SASH1",1,0,0
"scB1","1","Basal_epithelial","COL1A1",901,54.05,0.183139624808654
"scB1","1","Basal_epithelial","EMP1",901,77.25,0.418673136373627
"scB1","1","Basal_epithelial","MYH11",901,4,0.00816775138047739
"scB1","1","Basal_epithelial","SASH1",901,5.66,0.0121751659580363
"scB1","10","Basal_epithelial","COL1A1",17,11.76,0.0754675169270248
"scB1","10","Basal_epithelial","EMP1",17,17.65,0.153041994977571
"scB1","10","Basal_epithelial","MYH11",17,5.88,0.0500164922970949
"scB1","10","Basal_epithelial","SASH1",17,0,0
"scB1","3","Basal_epithelial","COL1A1",545,13.94,0.133812343149834
"scB1","3","Basal_epithelial","EMP1",545,10.28,0.0907698663704889
"scB1","3","Basal_epithelial","MYH11",545,0.37,0.00396617502633949
"scB1","3","Basal_epithelial","SASH1",545,0.73,0.00556035955546627
"scB1","4","Basal_epithelial","COL1A1",11,0,0
"scB1","4","Basal_epithelial","EMP1",11,27.27,0.400627060522583
"scB1","4","Basal_epithelial","MYH11",11,0,0
"scB1","4","Basal_epithelial","SASH1",11,9.09,0.0161907846517189
"scB1","6","Basal_epithelial","COL1A1",3,66.67,0.264461679463492
"scB1","6","Basal_epithelial","EMP1",3,100,0.608593761689887
"scB1","6","Basal_epithelial","MYH11",3,33.33,0.0559865593430968
"scB1","6","Basal_epithelial","SASH1",3,66.67,0.103437215832278
"scB1","9","Basal_epithelial","COL1A1",1,100,1.57597601928636
"scB1","9","Basal_epithelial","EMP1",1,100,0.541829126474214
"scB1","9","Basal_epithelial","MYH11",1,0,0
"scB1","9","Basal_epithelial","SASH1",1,100,0.21488246313334
"scB2","2","Basal_epithelial","COL1A1",5,40,0.0603073535933666
"scB2","2","Basal_epithelial","EMP1",5,40,0.118910161817326
"scB2","2","Basal_epithelial","MYH11",5,20,0.0301611922811743
"scB2","2","Basal_epithelial","SASH1",5,40,0.0695628962547197
"scB2","6","Basal_epithelial","COL1A1",2,50,0.107550270727735
"scB2","6","Basal_epithelial","EMP1",2,100,1.06613333938969
"scB2","6","Basal_epithelial","MYH11",2,0,0
"scB2","6","Basal_epithelial","SASH1",2,50,0.196011963232985
"scB2","7","Basal_epithelial","COL1A1",167,40.72,0.128305069460955
"scB2","7","Basal_epithelial","EMP1",167,92.81,0.993077613810775
"scB2","7","Basal_epithelial","MYH11",167,1.2,0.00351921001975669
"scB2","7","Basal_epithelial","SASH1",167,41.32,0.146186188312138
"scB5","0","Basal_epithelial","COL1A1",3,0,0
"scB5","0","Basal_epithelial","EMP1",3,0,0
"scB5","0","Basal_epithelial","MYH11",3,0,0
"scB5","0","Basal_epithelial","SASH1",3,0,0
"scB5","10","Basal_epithelial","COL1A1",1,0,0
"scB5","10","Basal_epithelial","EMP1",1,0,0
"scB5","10","Basal_epithelial","MYH11",1,0,0
"scB5","10","Basal_epithelial","SASH1",1,0,0
"scB5","3","Basal_epithelial","COL1A1",9,0,0
"scB5","3","Basal_epithelial","EMP1",9,11.11,0.251374721548502
"scB5","3","Basal_epithelial","MYH11",9,0,0
"scB5","3","Basal_epithelial","SASH1",9,0,0
"scB5","4","Basal_epithelial","COL1A1",200,3,0.0338654383839753
"scB5","4","Basal_epithelial","EMP1",200,10,0.111359309696424
"scB5","4","Basal_epithelial","MYH11",200,2,0.0356378183726083
"scB5","4","Basal_epithelial","SASH1",200,5.5,0.037613571863388
"scB5","7","Basal_epithelial","COL1A1",2,0,0
"scB5","7","Basal_epithelial","EMP1",2,100,3.89121377401351
"scB5","7","Basal_epithelial","MYH11",2,0,0
"scB5","7","Basal_epithelial","SASH1",2,100,0.822745074715253
"scB7","0","Basal_epithelial","COL1A1",1,0,0
"scB7","0","Basal_epithelial","EMP1",1,100,0.162695592337206
"scB7","0","Basal_epithelial","MYH11",1,0,0
"scB7","0","Basal_epithelial","SASH1",1,0,0
"scB7","2","Basal_epithelial","COL1A1",1,0,0
"scB7","2","Basal_epithelial","EMP1",1,0,0
"scB7","2","Basal_epithelial","MYH11",1,0,0
"scB7","2","Basal_epithelial","SASH1",1,0,0
"scB7","4","Basal_epithelial","COL1A1",7,57.14,0.384571667348147
"scB7","4","Basal_epithelial","EMP1",7,28.57,0.302074355743421
"scB7","4","Basal_epithelial","MYH11",7,14.29,0.0549958617428073
"scB7","4","Basal_epithelial","SASH1",7,57.14,0.2635713721468
"scB7","5","Basal_epithelial","COL1A1",283,30.39,0.109215342523886
"scB7","5","Basal_epithelial","EMP1",283,65.37,0.416989996885197
"scB7","5","Basal_epithelial","MYH11",283,2.47,0.00957690534883657
"scB7","5","Basal_epithelial","SASH1",283,50.53,0.19555246446883
"scB8","0","Basal_epithelial","COL1A1",1028,6.03,0.0978181992179838
"scB8","0","Basal_epithelial","EMP1",1028,1.65,0.0213994177139651
"scB8","0","Basal_epithelial","MYH11",1028,0.1,0.00195101429775794
"scB8","0","Basal_epithelial","SASH1",1028,2.24,0.0313017811475597
"scB8","10","Basal_epithelial","COL1A1",46,8.7,0.129187081603452
"scB8","10","Basal_epithelial","EMP1",46,4.35,0.0432336949542117
"scB8","10","Basal_epithelial","MYH11",46,13.04,0.136726317218931
"scB8","10","Basal_epithelial","SASH1",46,0,0
"scB8","2","Basal_epithelial","COL1A1",2,0,0
"scB8","2","Basal_epithelial","EMP1",2,100,1.57664857584889
"scB8","2","Basal_epithelial","MYH11",2,0,0
"scB8","2","Basal_epithelial","SASH1",2,0,0
"scB8","3","Basal_epithelial","COL1A1",4,25,0.434213915446803
"scB8","3","Basal_epithelial","EMP1",4,0,0
"scB8","3","Basal_epithelial","MYH11",4,0,0
"scB8","3","Basal_epithelial","SASH1",4,0,0
"scB8","4","Basal_epithelial","COL1A1",109,4.59,0.0603921337912125
"scB8","4","Basal_epithelial","EMP1",109,48.62,0.475389892522926
"scB8","4","Basal_epithelial","MYH11",109,0.92,0.00184149756433783
"scB8","4","Basal_epithelial","SASH1",109,35.78,0.187915121291439
"scB8","5","Basal_epithelial","COL1A1",2,0,0
"scB8","5","Basal_epithelial","EMP1",2,50,0.540400722960931
"scB8","5","Basal_epithelial","MYH11",2,0,0
"scB8","5","Basal_epithelial","SASH1",2,100,0.284102657720765
"scB8","6","Basal_epithelial","COL1A1",18,16.67,0.234055636760877
"scB8","6","Basal_epithelial","EMP1",18,22.22,0.185040140908344
"scB8","6","Basal_epithelial","MYH11",18,5.56,0.0178043326989766
"scB8","6","Basal_epithelial","SASH1",18,16.67,0.0480031083002648
"scB8","8","Basal_epithelial","COL1A1",158,32.91,0.168757202018753
"scB8","8","Basal_epithelial","EMP1",158,39.24,0.227554244960509
"scB8","8","Basal_epithelial","MYH11",158,3.8,0.0116900901622053
"scB8","8","Basal_epithelial","SASH1",158,25.32,0.0929880921547894
"scB8","9","Basal_epithelial","COL1A1",19,63.16,1.61742431156546
"scB8","9","Basal_epithelial","EMP1",19,0,0
"scB8","9","Basal_epithelial","MYH11",19,0,0
"scB8","9","Basal_epithelial","SASH1",19,0,0
"scB9","10","Basal_epithelial","COL1A1",2,50,0.526806592936962
"scB9","10","Basal_epithelial","EMP1",2,0,0
"scB9","10","Basal_epithelial","MYH11",2,0,0
"scB9","10","Basal_epithelial","SASH1",2,50,0.404426254628278
"scB9","11","Basal_epithelial","COL1A1",31,45.16,0.287681299418937
"scB9","11","Basal_epithelial","EMP1",31,77.42,0.602538149368929
"scB9","11","Basal_epithelial","MYH11",31,6.45,0.0458133735741659
"scB9","11","Basal_epithelial","SASH1",31,0,0
"scB9","2","Basal_epithelial","COL1A1",840,38.57,0.150455645290107
"scB9","2","Basal_epithelial","EMP1",840,69.64,0.381628730093662
"scB9","2","Basal_epithelial","MYH11",840,7.86,0.0219692878988101
"scB9","2","Basal_epithelial","SASH1",840,17.38,0.0501869301192725
"scB9","4","Basal_epithelial","COL1A1",6,16.67,0.0271256625959735
"scB9","4","Basal_epithelial","EMP1",6,83.33,0.876698875251968
"scB9","4","Basal_epithelial","MYH11",6,0,0
"scB9","4","Basal_epithelial","SASH1",6,66.67,0.278293077228291
"scB9","5","Basal_epithelial","COL1A1",87,43.68,0.189422003206278
"scB9","5","Basal_epithelial","EMP1",87,72.41,0.397478965322111
"scB9","5","Basal_epithelial","MYH11",87,6.9,0.0206484038160607
"scB9","5","Basal_epithelial","SASH1",87,29.89,0.0953380814766608
"scB9","6","Basal_epithelial","COL1A1",9,55.56,0.166346661783635
"scB9","6","Basal_epithelial","EMP1",9,88.89,0.334646245910105
"scB9","6","Basal_epithelial","MYH11",9,0,0
"scB9","6","Basal_epithelial","SASH1",9,33.33,0.133660042142904
"scB9","7","Basal_epithelial","COL1A1",2,0,0
"scB9","7","Basal_epithelial","EMP1",2,100,1.48447217694113
"scB9","7","Basal_epithelial","MYH11",2,0,0
"scB9","7","Basal_epithelial","SASH1",2,100,0.449654875513494
"scB10","4","Basal_epithelial","COL1A1",1,100,0.0987540026071193
"scB10","4","Basal_epithelial","EMP1",1,100,0.546132813325615
"scB10","4","Basal_epithelial","MYH11",1,0,0
"scB10","4","Basal_epithelial","SASH1",1,100,0.271083225609575
"scB10","6","Basal_epithelial","COL1A1",227,43.17,0.209220055319594
"scB10","6","Basal_epithelial","EMP1",227,61.67,0.295856584004139
"scB10","6","Basal_epithelial","MYH11",227,1.76,0.00649423454803226
"scB10","6","Basal_epithelial","SASH1",227,5.73,0.0101256491933236
"scB12","1","Basal_epithelial","COL1A1",1,100,0.49858593505381
"scB12","1","Basal_epithelial","EMP1",1,100,0.102314609493305
"scB12","1","Basal_epithelial","MYH11",1,0,0
"scB12","1","Basal_epithelial","SASH1",1,0,0
"scB12","2","Basal_epithelial","COL1A1",2,50,0.33910304373528
"scB12","2","Basal_epithelial","EMP1",2,50,0.249445330787269
"scB12","2","Basal_epithelial","MYH11",2,50,0.140119715090188
"scB12","2","Basal_epithelial","SASH1",2,0,0
"scB12","4","Basal_epithelial","COL1A1",4,75,0.18885083108129
"scB12","4","Basal_epithelial","EMP1",4,75,0.207570764927549
"scB12","4","Basal_epithelial","MYH11",4,0,0
"scB12","4","Basal_epithelial","SASH1",4,0,0
"scB12","8","Basal_epithelial","COL1A1",2,100,1.35733476459703
"scB12","8","Basal_epithelial","EMP1",2,100,1.42974736251864
"scB12","8","Basal_epithelial","MYH11",2,0,0
"scB12","8","Basal_epithelial","SASH1",2,0,0
"scB12","9","Basal_epithelial","COL1A1",69,92.75,1.74748101925174
"scB12","9","Basal_epithelial","EMP1",69,56.52,0.191323609127046
"scB12","9","Basal_epithelial","MYH11",69,7.25,0.0192925026655584
"scB12","9","Basal_epithelial","SASH1",69,2.9,0.00970316426812099
"scB13","0","Basal_epithelial","COL1A1",14,0,0
"scB13","0","Basal_epithelial","EMP1",14,0,0
"scB13","0","Basal_epithelial","MYH11",14,0,0
"scB13","0","Basal_epithelial","SASH1",14,0,0
"scB13","4","Basal_epithelial","COL1A1",121,6.61,0.0875332644479031
"scB13","4","Basal_epithelial","EMP1",121,14.88,0.190386629785043
"scB13","4","Basal_epithelial","MYH11",121,0,0
"scB13","4","Basal_epithelial","SASH1",121,4.96,0.0565994426413151
"scB14","1","Basal_epithelial","COL1A1",1,100,0.191011310968011
"scB14","1","Basal_epithelial","EMP1",1,0,0
"scB14","1","Basal_epithelial","MYH11",1,0,0
"scB14","1","Basal_epithelial","SASH1",1,100,0.191011310968011
"scB14","4","Basal_epithelial","COL1A1",31,77.42,0.351488798495944
"scB14","4","Basal_epithelial","EMP1",31,64.52,0.366625311815576
"scB14","4","Basal_epithelial","MYH11",31,12.9,0.0467679315001976
"scB14","4","Basal_epithelial","SASH1",31,64.52,0.1879816339412
"scB14","5","Basal_epithelial","COL1A1",3,100,0.344935595010725
"scB14","5","Basal_epithelial","EMP1",3,100,0.111436592808399
"scB14","5","Basal_epithelial","MYH11",3,0,0
"scB14","5","Basal_epithelial","SASH1",3,100,0.37670926061314
"scB15","4","Basal_epithelial","COL1A1",5,100,0.474674494907194
"scB15","4","Basal_epithelial","EMP1",5,100,0.730696500644096
"scB15","4","Basal_epithelial","MYH11",5,20,0.192825509143645
"scB15","4","Basal_epithelial","SASH1",5,40,0.212510292926568
