"to_vertex","from_vertex","NA","from_UMAP_1","from_UMAP_2","to_UMAP_1","to_UMAP_2"
"Y_878","Y_876",1,-0.123268213561857,-5.06335253363324,-0.285302944340359,-5.17289680902402
"Y_878","Y_847",1,-0.457725794088194,-5.26778602610674,-0.285302944340359,-5.17289680902402
"Y_873","Y_863",1,-3.57724202527606,8.39433361034522,-3.38643278905597,7.52179952740654
"Y_873","Y_209",1,-3.19562355283588,6.64926544446784,-3.38643278905597,7.52179952740654
"Y_869","Y_863",1,-3.57724202527606,8.39433361034522,-3.6674704355053,8.57959004156862
"Y_869","Y_278",1,-3.85028192620594,8.74594495607939,-3.6674704355053,8.57959004156862
"Y_860","Y_850",1,-2.95118776145765,12.4881115291995,-2.83139534270233,12.5898117146182
"Y_860","Y_420",1,-2.69763711241373,12.5803768696324,-2.83139534270233,12.5898117146182
"Y_874","Y_847",1,-0.457725794088194,-5.26778602610674,-0.908336329594574,-5.16689077225988
"Y_874","Y_402",1,-1.22232159973829,-5.04786334697787,-0.908336329594574,-5.16689077225988
"Y_859","Y_846",1,7.51780169405878,-6.44909591124297,7.58220580223271,-6.23392855972583
"Y_859","Y_150",1,7.68476458214582,-6.01698783100876,7.58220580223271,-6.23392855972583
"Y_876","Y_838",1,0.095461197099962,-5.17005016763821,-0.123268213561857,-5.06335253363324
"Y_852","Y_827",1,-8.36099051646494,10.4744285439561,-8.32692305778265,10.2546348800984
"Y_852","Y_833",1,-8.46687067804434,10.1878309243422,-8.32692305778265,10.2546348800984
"Y_865","Y_831",1,-4.74165569972068,-6.19286317516823,-4.6927755560897,-6.04816245688
"Y_861","Y_227",1,2.66871404737807,-2.42703009155302,2.90289398483345,-2.39731265922097
"Y_861","Y_829",1,3.02473453873809,-2.54034465968534,2.90289398483345,-2.39731265922097
"Y_822","Y_821",1,-4.26206318673557,3.06183941327705,-4.48798678326813,3.11769006459362
"Y_822","Y_816",1,-4.52827516704214,2.90780782660889,-4.48798678326813,3.11769006459362
"Y_823","Y_814",1,-5.20358277465539,1.20140046244254,-4.99002196182162,1.3022438235484
"Y_823","Y_809",1,-4.7531214525645,1.41084883332504,-4.99002196182162,1.3022438235484
"Y_837","Y_248",1,9.64358531872697,-3.27978381252362,9.47992846335527,-3.17186475772929
"Y_837","Y_813",1,9.46725220259793,-2.95002806320441,9.47992846335527,-3.17186475772929
"Y_825","Y_778",1,-4.68561945978397,3.38757812087047,-4.56910497225892,3.49848087540214
"Y_825","Y_810",1,-4.41935873796224,3.4231986315486,-4.56910497225892,3.49848087540214
"Y_855","Y_809",1,-4.7531214525645,1.41084883332504,-4.93211940611612,1.58669089025724
"Y_855","Y_776",1,-4.85656047954649,1.78941713733935,-4.93211940611612,1.58669089025724
"Y_819","Y_782",1,-5.01283876169004,3.89339330472617,-4.80937115071957,3.87108140263189
"Y_819","Y_807",1,-4.80087167670821,3.66510829944826,-4.80937115071957,3.87108140263189
"Y_821","Y_805",1,-4.18128505262275,3.24278177656035,-4.26206318673557,3.06183941327705
"Y_821","Y_785",1,-4.12769514614878,2.90478925392186,-4.26206318673557,3.06183941327705
"Y_814","Y_804",1,-5.40648349392353,1.3377649121992,-5.20358277465539,1.20140046244254
"Y_824","Y_800",1,-4.03816601568143,2.682147114954,-3.80295380364898,2.73726692839085
"Y_812","Y_481",1,-3.98068436393741,2.34391541559902,-3.96567226997591,2.49777589055953
"Y_812","Y_800",1,-4.03816601568143,2.682147114954,-3.96567226997591,2.49777589055953
"Y_806","Y_800",1,-4.03816601568143,2.682147114954,-4.25369437225096,2.62382469231148
"Y_806","Y_792",1,-4.40969737638333,2.51541582518526,-4.25369437225096,2.62382469231148
"Y_803","Y_799",1,-4.7613927983157,2.09702592065827,-4.73273186434311,2.27885077946427
"Y_803","Y_303",1,-4.59161205237272,2.42108604469888,-4.73273186434311,2.27885077946427
"Y_801","Y_799",1,-4.7613927983157,2.09702592065827,-4.97355231160219,1.99636840127314
"Y_801","Y_776",1,-4.85656047954649,1.78941713733935,-4.97355231160219,1.99636840127314
"Y_818","Y_797",1,-4.08816786112069,3.71464259216722,-3.8088000709217,4.34894374902346
"Y_818","Y_445",1,-3.5294322807227,4.9832449058797,-3.8088000709217,4.34894374902346
"Y_872","Y_796",1,1.31399724827881,4.80835272767404,1.45744827486643,4.99806700729835
"Y_872","Y_473",1,1.58326444340973,5.18090018951615,1.45744827486643,4.99806700729835
"Y_868","Y_570",1,1.76177674176883,4.46760373490236,1.50843808571898,4.58948199364347
"Y_868","Y_796",1,1.31399724827881,4.80835272767404,1.50843808571898,4.58948199364347
"Y_862","Y_795",1,10.0582984413027,-3.22081119091075,9.87143387728821,-3.07644001938222
"Y_862","Y_262",1,9.78060961860548,-3.21566401758223,9.87143387728821,-3.07644001938222
"Y_827","Y_794",1,-8.25110291439279,10.5140863186988,-8.36099051646494,10.4744285439561
"Y_807","Y_793",1,-4.82170858028394,3.48485319714872,-4.80087167670821,3.66510829944826
"Y_815","Y_791",1,-5.23050324989389,3.31605081649009,-5.06384025398515,3.22563391033965
"Y_815","Y_787",1,-5.04642014675183,3.01806443273418,-5.06384025398515,3.22563391033965
"Y_798","Y_366",1,-6.07543202835003,2.51962350409328,-5.86030036630378,2.55442274699433
"Y_798","Y_790",1,-5.78106148644367,2.37254260328857,-5.86030036630378,2.55442274699433
"Y_867","Y_783",1,-5.35047162104817,2.18230463865306,-5.40312970506307,2.46751787764817
"Y_867","Y_788",1,-5.54283006550862,2.76350592045021,-5.40312970506307,2.46751787764817
"Y_867","Y_769",1,-5.60222759981926,2.36188560817996,-5.40312970506307,2.46751787764817
"Y_820","Y_788",1,-5.54283006550862,2.76350592045021,-5.42951019757833,3.00245340297066
"Y_820","Y_780",1,-5.32934922184956,3.20408408052348,-5.42951019757833,3.00245340297066
"Y_808","Y_749",1,-4.74996406538352,2.84206187550621,-4.84846092825703,3.04163834413914
"Y_808","Y_787",1,-5.04642014675183,3.01806443273418,-4.84846092825703,3.04163834413914
"Y_832","Y_481",1,-3.98068436393741,2.34391541559902,-3.85216959903495,2.24062306936659
"Y_832","Y_786",1,-3.64431936926691,2.25505779239173,-3.85216959903495,2.24062306936659
"Y_800","Y_785",1,-4.12769514614878,2.90478925392186,-4.03816601568143,2.682147114954
"Y_810","Y_781",1,-4.27085038056294,3.44994839841009,-4.41935873796224,3.4231986315486
"Y_805","Y_781",1,-4.27085038056294,3.44994839841009,-4.18128505262275,3.24278177656035
"Y_797","Y_781",1,-4.27085038056294,3.44994839841009,-4.08816786112069,3.71464259216722
"Y_791","Y_780",1,-5.32934922184956,3.20408408052348,-5.23050324989389,3.31605081649009
"Y_793","Y_778",1,-4.68561945978397,3.38757812087047,-4.82170858028394,3.48485319714872
"Y_804","Y_777",1,-5.63746466137268,1.4022335520727,-5.40648349392353,1.3377649121992
"Y_790","Y_769",1,-5.60222759981926,2.36188560817996,-5.78106148644367,2.37254260328857
"Y_775","Y_756",1,-4.8023792373293,-0.281271631581618,-4.76011160688454,-0.0790759192522413
"Y_775","Y_768",1,-4.57955457685657,-0.0382361358263764,-4.76011160688454,-0.0790759192522413
"Y_771","Y_520",1,-6.58662438873815,-0.296232026965153,-6.54962832750397,-0.419942888323341
"Y_771","Y_764",1,-6.5153297394759,-0.525909234437524,-6.54962832750397,-0.419942888323341
"Y_864","Y_763",1,0.241041650091207,-7.07057617304838,0.314197966820164,-6.89321244416461
"Y_864","Y_273",1,0.489937349520046,-6.72756312430573,0.314197966820164,-6.89321244416461
"Y_772","Y_761",1,-5.34210193661158,-0.277020598521776,-5.48177844368897,-0.32083106821456
"Y_772","Y_525",1,-5.59242714255925,-0.368367637528037,-5.48177844368897,-0.32083106821456
"Y_768","Y_760",1,-4.5923266091792,0.119575533690819,-4.57955457685657,-0.0382361358263764
"Y_766","Y_740",1,-6.38413565573188,2.70106519972045,-6.58121406181161,2.78673653303449
"Y_766","Y_758",1,-6.73441198910174,2.94965011621275,-6.58121406181161,2.78673653303449
"Y_774","Y_754",1,-5.07264890626511,-0.434670168691369,-4.97664425765792,-0.34526746140472
"Y_774","Y_756",1,-4.8023792373293,-0.281271631581618,-4.97664425765792,-0.34526746140472
"Y_761","Y_753",1,-5.23012712214745,-0.403020973278722,-5.34210193661158,-0.277020598521776
"Y_754","Y_753",1,-5.23012712214745,-0.403020973278722,-5.07264890626511,-0.434670168691369
"Y_816","Y_749",1,-4.74996406538352,2.84206187550621,-4.52827516704214,2.90780782660889
"Y_770","Y_365",1,-6.42315166863864,-0.61319735312476,-6.40889158398374,-0.755918910340421
"Y_770","Y_748",1,-6.48876283897166,-0.91437161435661,-6.40889158398374,-0.755918910340421
"Y_759","Y_742",1,-6.26704028939779,-0.270213036740773,-6.13710070216395,-0.423883269418886
"Y_759","Y_533",1,-6.00554507565069,-0.274545874863459,-6.13710070216395,-0.423883269418886
"Y_767","Y_104",1,7.76850291406506,-8.09807311307902,7.93706019447314,-8.17867289061435
"Y_767","Y_741",1,8.09614285973591,-8.11586389654356,7.93706019447314,-8.17867289061435
"Y_811","Y_739",1,-6.2187564646372,1.07790643321285,-5.99259063093719,1.04569348759389
"Y_811","Y_272",1,-5.80178575278279,1.18347795749668,-5.99259063093719,1.04569348759389
"Y_752","Y_525",1,-5.59242714255925,-0.368367637528037,-5.68699506271513,-0.1652720995227
"Y_752","Y_738",1,-5.84717635761705,-0.280611574991784,-5.68699506271513,-0.1652720995227
"Y_742","Y_734",1,-6.42177534191447,-0.295378963812902,-6.26704028939779,-0.270213036740773
"Y_739","Y_733",1,-6.46170926419907,0.965973437259439,-6.2187564646372,1.07790643321285
"Y_724","Y_682",1,3.74735001056218,-7.51625120109826,3.74002432574229,-7.7549584015787
"Y_724","Y_721",1,3.74595548386721,-7.88825156186924,3.74002432574229,-7.7549584015787
"Y_730","Y_719",1,4.11790429223695,-3.7954542376805,4.09800894599187,-3.63355680902327
"Y_730","Y_711",1,3.97464219116008,-3.49343491632431,4.09800894599187,-3.63355680902327
"Y_719","Y_717",1,4.29151888024701,-3.82110496636626,4.11790429223695,-3.7954542376805
"Y_719","Y_684",1,3.97261722723287,-3.89218333677766,4.11790429223695,-3.7954542376805
"Y_802","Y_715",1,6.74106725558418,12.3458002852394,6.65837735541851,12.5319245449342
"Y_802","Y_179",1,6.54603773105473,12.6752906355166,6.65837735541851,12.5319245449342
"Y_727","Y_712",1,-8.15862695046275,-1.05037157709495,-8.2664613692921,-0.879394985929799
"Y_727","Y_40",1,-8.35976342016847,-0.950084523300016,-8.2664613692921,-0.879394985929799
"Y_743","Y_710",1,-3.72803343712598,12.0282485678583,-3.7728406135454,11.7498677436335
"Y_743","Y_637",1,-4.11002819041064,11.8571079409884,-3.7728406135454,11.7498677436335
"Y_714","Y_708",1,3.67962761256043,-4.22650519299056,3.52163218770805,-4.24552866991745
"Y_714","Y_625",1,3.58727322146575,-4.42473175610187,3.52163218770805,-4.24552866991745
"Y_718","Y_106",1,2.38081480706053,3.88370741563411,2.00191581234838,3.4743786900994
"Y_718","Y_705",1,1.62301681763622,3.06504996456469,2.00191581234838,3.4743786900994
"Y_721","Y_700",1,3.72977539172349,-8.03867696640124,3.74595548386721,-7.88825156186924
"Y_725","Y_695",1,3.7599153869965,-5.4509884376111,3.69128298913061,-5.58230499069918
"Y_725","Y_678",1,3.76843764687505,-5.78648524422571,3.69128298913061,-5.58230499069918
"Y_751","Y_543",1,-5.07909832412007,-6.95664092526643,-4.97809059838733,-7.16934477894463
"Y_751","Y_691",1,-5.03261786817794,-7.40456473090857,-4.97809059838733,-7.16934477894463
"Y_698","Y_690",1,3.39009104209886,-6.09320026729067,3.39076569971505,-6.2275039749093
"Y_698","Y_673",1,3.51105519185473,-6.31333415056787,3.39076569971505,-6.2275039749093
"Y_699","Y_689",1,3.42462441370403,-5.96353930077313,3.60103632179809,-5.89413475365168
"Y_699","Y_678",1,3.76843764687505,-5.78648524422571,3.60103632179809,-5.89413475365168
"Y_690","Y_689",1,3.42462441370403,-5.96353930077313,3.39009104209886,-6.09320026729067
"Y_716","Y_688",1,4.64188343580656,6.63271944654433,4.54244584764975,6.46884048691482
"Y_716","Y_380",1,4.58259178199753,6.30051289780355,4.54244584764975,6.46884048691482
"Y_720","Y_687",1,7.8457283920638,-3.49796305345517,7.87459089998327,-3.29039935866953
"Y_720","Y_482",1,7.99278197763151,-3.10501216375766,7.87459089998327,-3.29039935866953
"Y_712","Y_680",1,-7.99261385518397,-0.896379950942927,-8.15862695046275,-1.05037157709495
"Y_694","Y_680",1,-7.99261385518397,-0.896379950942927,-7.76561127185677,-1.08967742620447
"Y_694","Y_48",1,-7.75767911530465,-1.36800379817071,-7.76561127185677,-1.08967742620447
"Y_694","Y_64",1,-7.48690925032437,-1.10269915308874,-7.76561127185677,-1.08967742620447
"Y_817","Y_679",1,-7.24451960855271,4.08458705618851,-7.14913159424855,3.88570441683608
"Y_817","Y_70",1,-7.20506485298441,3.65836168033535,-7.14913159424855,3.88570441683608
"Y_722","Y_678",1,3.76843764687505,-5.78648524422571,3.95952087365722,-5.93195630374468
"Y_722","Y_344",1,4.16858893875156,-5.844010847288,3.95952087365722,-5.93195630374468
"Y_731","Y_673",1,3.51105519185473,-6.31333415056787,3.5430779954815,-6.53477145515709
"Y_731","Y_669",1,3.68743406480768,-6.73276935995973,3.5430779954815,-6.53477145515709
"Y_706","Y_669",1,3.68743406480768,-6.73276935995973,3.70516552922224,-6.9895034749516
"Y_706","Y_615",1,3.7505636018366,-7.28058859642502,3.70516552922224,-6.9895034749516
"Y_666","Y_664",1,6.82391721228965,-7.49650343466313,6.99241841618416,-7.60855751728734
"Y_666","Y_171",1,7.17558397670537,-7.65516434489787,6.99241841618416,-7.60855751728734
"Y_666","Y_23",1,7.05604108833649,-7.44384388693698,6.99241841618416,-7.60855751728734
"Y_701","Y_619",1,3.9536417112936,-4.8604934041448,3.73868960214839,-4.81784612607823
"Y_701","Y_661",1,3.75973346099226,-4.61618539943359,3.73868960214839,-4.81784612607823
"Y_758","Y_658",1,-6.97348602516972,3.01667743934191,-6.73441198910174,2.94965011621275
"Y_656","Y_655",1,-4.9602428560498,10.5911329929132,-4.76434726926024,10.513353188057
"Y_656","Y_184",1,-4.54016857614373,10.4819434287821,-4.76434726926024,10.513353188057
"Y_693","Y_529",1,4.02604620373398,7.45674364569725,3.9160344849757,7.26543780384974
"Y_693","Y_651",1,3.70968941231112,7.36366586319142,3.9160344849757,7.26543780384974
"Y_655","Y_642",1,-4.93989118876058,10.7636194132136,-4.9602428560498,10.5911329929132
"Y_717","Y_639",1,4.46773221569009,-3.8382556160698,4.29151888024701,-3.82110496636626
"Y_657","Y_639",1,4.46773221569009,-3.8382556160698,4.67710201926076,-3.79263232306517
"Y_657","Y_486",1,4.74993614544131,-3.5875223963357,4.67710201926076,-3.79263232306517
"Y_641","Y_588",1,4.34109745296919,-4.14152209335479,4.44638120073542,-4.01350915530389
"Y_641","Y_639",1,4.46773221569009,-3.8382556160698,4.44638120073542,-4.01350915530389
"Y_642","Y_638",1,-4.88241555040784,10.9222038757714,-4.93989118876058,10.7636194132136
"Y_729","Y_194",1,-4.42884468033991,11.5125060994027,-4.31088531571027,11.7036861682022
"Y_729","Y_637",1,-4.11002819041064,11.8571079409884,-4.31088531571027,11.7036861682022
"Y_643","Y_633",1,-7.37776918585625,-2.7018368913403,-7.28226806863255,-2.67483040036945
"Y_643","Y_594",1,-7.18718232892776,-2.71957476473658,-7.28226806863255,-2.67483040036945
"Y_697","Y_630",1,5.82756600875202,-4.51734086030991,5.69934107878734,-4.4183153491255
"Y_697","Y_242",1,5.82948618718665,-4.28512485501115,5.69934107878734,-4.4183153491255
"Y_697","Y_47",1,5.57903977673039,-4.55779324521065,5.69934107878734,-4.4183153491255
"Y_660","Y_628",1,-9.18800240494883,-1.64275802498935,-9.22833405023058,-1.38680071656716
"Y_660","Y_228",1,-9.13512058422406,-1.12045930053292,-9.22833405023058,-1.38680071656716
"Y_634","Y_595",1,-9.21493615892929,-2.07806562544442,-9.02680657299667,-1.87311858364876
"Y_634","Y_628",1,-9.18800240494883,-1.64275802498935,-9.02680657299667,-1.87311858364876
"Y_692","Y_75",1,2.2774235906974,-2.91285947470381,2.39773462147817,-3.11376970557777
"Y_692","Y_624",1,2.15948966740004,-3.27013679206958,2.39773462147817,-3.11376970557777
"Y_652","Y_54",1,2.01839096772729,-3.87625782149495,2.21274618145761,-3.48857301037793
"Y_652","Y_624",1,2.15948966740004,-3.27013679206958,2.21274618145761,-3.48857301037793
"Y_708","Y_622",1,3.82852558755099,-4.25806321387838,3.67962761256043,-4.22650519299056
"Y_674","Y_622",1,3.82852558755099,-4.25806321387838,3.90959896180745,-4.1212088424944
"Y_674","Y_614",1,3.80534245708203,-3.97860039856328,3.90959896180745,-4.1212088424944
"Y_747","Y_172",1,-4.7273050136436,9.92895111708543,-4.73165704454826,10.1094958809183
"Y_747","Y_86",1,-4.55658557848855,10.1996175869889,-4.73165704454826,10.1094958809183
"Y_747","Y_620",1,-4.89060137635635,10.1628330359392,-4.73165704454826,10.1094958809183
"Y_636","Y_619",1,3.9536417112936,-4.8604934041448,4.04387376479018,-5.05736938237547
"Y_636","Y_289",1,3.88252388257292,-5.26597264116068,4.04387376479018,-5.05736938237547
"Y_626","Y_610",1,-7.66925667299409,-2.82264492398795,-7.80277107177092,-2.77330746399757
"Y_626","Y_617",1,-7.96648335749552,-2.7351888775733,-7.80277107177092,-2.77330746399757
"Y_682","Y_615",1,3.7505636018366,-7.28058859642502,3.74735001056218,-7.51625120109826
"Y_684","Y_614",1,3.80534245708203,-3.97860039856328,3.97261722723287,-3.89218333677766
"Y_703","Y_286",1,8.83467755367656,-4.09800437568831,9.02130917008401,-4.00039738952658
"Y_703","Y_613",1,9.1786812762095,-3.82363348403035,9.02130917008401,-4.00039738952658
"Y_784","Y_195",1,1.72351668264572,6.68585282649465,1.92712492797324,6.76952112213477
"Y_784","Y_612",1,2.19307467352474,6.82021716345507,1.92712492797324,6.76952112213477
"Y_784","Y_224",1,1.7304942027632,6.97547804953804,1.92712492797324,6.76952112213477
"Y_621","Y_601",1,-5.6806589467886,9.86060770060637,-5.34756964208776,9.94048581204307
"Y_621","Y_611",1,-5.06962045690891,10.2033509046246,-5.34756964208776,9.94048581204307
"Y_620","Y_611",1,-5.06962045690891,10.2033509046246,-4.89060137635635,10.1628330359392
"Y_635","Y_608",1,-7.42897997021271,-2.80964084611692,-7.52626152351842,-2.85441855295467
"Y_635","Y_610",1,-7.66925667299409,-2.82264492398795,-7.52626152351842,-2.85441855295467
"Y_648","Y_558",1,4.50584002108894,-4.42406516897498,4.5959500332318,-4.31110638002035
"Y_648","Y_609",1,4.67601748887712,-4.20393872788599,4.5959500332318,-4.31110638002035
"Y_629","Y_609",1,4.67601748887712,-4.20393872788599,4.79280735779394,-4.15465919694981
"Y_629","Y_604",1,4.89397231561419,-4.0653794340556,4.79280735779394,-4.15465919694981
"Y_633","Y_608",1,-7.42897997021271,-2.80964084611692,-7.37776918585625,-2.7018368913403
"Y_627","Y_607",1,-9.68052993175609,-2.27678042923245,-9.8908199018808,-2.25958420919283
"Y_627","Y_584",1,-9.84340174566804,-2.03704317094384,-9.8908199018808,-2.25958420919283
"Y_671","Y_458",1,9.24433491774593,-2.93798412404359,9.06051132594731,-2.88866940878168
"Y_671","Y_606",1,8.93590837436055,-3.02578842313784,9.06051132594731,-2.88866940878168
"Y_644","Y_587",1,8.67325333800997,-3.15374895941038,8.86581478820162,-3.17805768850958
"Y_644","Y_606",1,8.93590837436055,-3.02578842313784,8.86581478820162,-3.17805768850958
"Y_616","Y_605",1,-7.59112318980821,-1.60958782141343,-7.77465908718835,-1.78812785699696
"Y_616","Y_569",1,-7.95282414151629,-1.75865254554543,-7.77465908718835,-1.78812785699696
"Y_638","Y_603",1,-4.77528158686899,10.9031822013009,-4.88241555040784,10.9222038757714
"Y_839","Y_602",1,-1.9390863429224,11.0328372682493,-2.04483325723995,11.219645894924
"Y_839","Y_596",1,-2.14492817600018,11.3833133856159,-2.04483325723995,11.219645894924
"Y_849","Y_601",1,-5.6806589467886,9.86060770060637,-5.98126481809622,10.1498179700993
"Y_849","Y_102",1,-6.33384370392018,10.2657464652787,-5.98126481809622,10.1498179700993
"Y_659","Y_600",1,-8.2526559958022,-2.27973492737992,-8.12740499815285,-2.45236813127096
"Y_659","Y_567",1,-8.04292211090406,-2.61477029520361,-8.12740499815285,-2.45236813127096
"Y_854","Y_543",1,-5.07909832412007,-6.95664092526643,-4.9100531002662,-6.84451517375643
"Y_854","Y_598",1,-4.60908024264153,-6.86264020344407,-4.9100531002662,-6.84451517375643
"Y_709","Y_8",1,3.54123234181819,-3.37164818216168,3.26191870591515,-3.56930990396163
"Y_709","Y_597",1,2.99600233882074,-3.39861161443148,3.26191870591515,-3.56930990396163
"Y_618","Y_594",1,-7.18718232892776,-2.71957476473658,-7.09586134300128,-2.65148313615859
"Y_647","Y_593",1,5.49763360399095,-5.10912205387577,5.64336608009879,-5.11952785124597
"Y_647","Y_43",1,5.67297865871779,-5.29040307427003,5.64336608009879,-5.11952785124597
"Y_595","Y_592",1,-9.41335692469235,-2.08122949732725,-9.21493615892929,-2.07806562544442
"Y_590","Y_588",1,4.34109745296919,-4.14152209335479,4.34851751260758,-4.29122754068945
"Y_590","Y_558",1,4.50584002108894,-4.42406516897498,4.34851751260758,-4.29122754068945
"Y_877","Y_66",1,-8.57123927500295,10.0997208701334,-8.71094949717327,10.2066915540078
"Y_877","Y_586",1,-8.8720210891996,10.2524210832305,-8.71094949717327,10.2066915540078
"Y_845","Y_583",1,-4.73239470776087,9.68393764408712,-4.73125937294701,9.81472737452404
"Y_845","Y_172",1,-4.7273050136436,9.92895111708543,-4.73125937294701,9.81472737452404
"Y_732","Y_582",1,6.53313841900073,13.0113946945928,6.61543555784428,12.8638444987163
"Y_732","Y_179",1,6.54603773105473,12.6752906355166,6.61543555784428,12.8638444987163
"Y_675","Y_581",1,5.39897261367863,-4.73492310734382,5.39506111457068,-4.59204594750072
"Y_675","Y_388",1,5.21563767787853,-4.60674762218589,5.39506111457068,-4.59204594750072
"Y_675","Y_47",1,5.57903977673039,-4.55779324521065,5.39506111457068,-4.59204594750072
"Y_632","Y_140",1,5.4949578920605,-4.94987899323291,5.35888278035604,-4.85478531702139
"Y_632","Y_581",1,5.39897261367863,-4.73492310734382,5.35888278035604,-4.85478531702139
"Y_726","Y_250",1,1.23602049609474,-5.39959755170983,1.60783952746185,-5.11301095607612
"Y_726","Y_580",1,1.76732160217708,-4.46569172468511,1.60783952746185,-5.11301095607612
"Y_843","Y_438",1,0.352091120484529,-5.7607291496181,0.262724516652782,-6.00770191012003
"Y_843","Y_578",1,0.372049159852606,-6.18883219066392,0.262724516652782,-6.00770191012003
"Y_650","Y_67",1,-7.1317093077213,-1.55678298128091,-6.98052818041194,-1.70353859837869
"Y_650","Y_577",1,-6.7484937414421,-1.72782641749557,-6.98052818041194,-1.70353859837869
"Y_646","Y_205",1,6.68505091229365,6.01377286464509,6.39806408712292,6.16740731663738
"Y_646","Y_576",1,6.0744312236659,6.06439273166703,6.39806408712292,6.16740731663738
"Y_640","Y_575",1,-9.66502612487857,0.373481634352687,-9.50892963181854,0.728965130643093
"Y_640","Y_347",1,-9.37616092719771,1.07073557684431,-9.50892963181854,0.728965130643093
"Y_607","Y_572",1,-9.5221423845661,-2.30929418026266,-9.68052993175609,-2.27678042923245
"Y_592","Y_572",1,-9.5221423845661,-2.30929418026266,-9.41335692469235,-2.08122949732725
"Y_736","Y_571",1,-7.52818877275458,10.8646053760583,-7.41367067794871,10.8226300568213
"Y_736","Y_163",1,-7.38361052341417,10.7488260829242,-7.41367067794871,10.8226300568213
"Y_789","Y_454",1,2.08730978557423,4.23760812485164,1.92929610300697,4.33098452222299
"Y_789","Y_570",1,1.76177674176883,4.46760373490236,1.92929610300697,4.33098452222299
"Y_654","Y_569",1,-7.95282414151629,-1.75865254554543,-8.10961265946185,-1.97389033141809
"Y_654","Y_565",1,-8.4016421862383,-2.06200969148482,-8.10961265946185,-1.97389033141809
"Y_651","Y_568",1,3.53220685745978,7.31488248919935,3.70968941231112,7.36366586319142
"Y_617","Y_567",1,-8.04292211090406,-2.61477029520361,-7.96648335749552,-2.7351888775733
"Y_587","Y_566",1,8.55103419663705,-3.05485267662461,8.67325333800997,-3.15374895941038
"Y_600","Y_565",1,-8.4016421862383,-2.06200969148482,-8.2526559958022,-2.27973492737992
"Y_568","Y_563",1,3.33424019043988,7.32289928660157,3.53220685745978,7.31488248919935
"Y_670","Y_562",1,5.01949946341749,-4.25630446091329,4.93274979900702,-4.38603438870075
"Y_670","Y_540",1,5.0103558331218,-4.48270383519189,4.93274979900702,-4.38603438870075
"Y_681","Y_359",1,7.3989223377354,-3.03122916035926,7.41193439434337,-3.27643445090446
"Y_681","Y_552",1,7.40295670652051,-3.48617376760095,7.41193439434337,-3.27643445090446
"Y_551","Y_528",1,-2.16802169011365,2.24671678746176,-2.20537524281767,2.39173881055307
"Y_551","Y_550",1,-2.37538482047249,2.46024234825271,-2.20537524281767,2.39173881055307
"Y_830","Y_372",1,-2.10903910949573,-1.77933674883027,-1.88399021031252,-1.54684048925009
"Y_830","Y_547",1,-1.55961372478382,-1.1009338522897,-1.88399021031252,-1.54684048925009
"Y_547","Y_544",1,-1.23874087096667,-0.798572503667964,-1.55961372478382,-1.1009338522897
"Y_579","Y_388",1,5.21563767787853,-4.60674762218589,5.05453556127853,-4.61855434436618
"Y_579","Y_540",1,5.0103558331218,-4.48270383519189,5.05453556127853,-4.61855434436618
"Y_857","Y_539",1,-3.34577166167487,2.26622455514829,-3.11142887458556,2.16245555106189
"Y_857","Y_410",1,-2.88378134168052,2.08943939667426,-3.11142887458556,2.16245555106189
"Y_786","Y_539",1,-3.34577166167487,2.26622455514829,-3.64431936926691,2.25505779239173
"Y_668","Y_3",1,4.73705440588432,6.25192291576101,4.870265957235,6.08932130241664
"Y_668","Y_537",1,5.06702820539998,6.03925606005576,4.870265957235,6.08932130241664
"Y_585","Y_435",1,6.24925772921478,-3.80826235228946,6.17277572218877,-3.97040207477641
"Y_585","Y_534",1,6.29457960007353,-4.13481584495119,6.17277572218877,-3.97040207477641
"Y_738","Y_533",1,-6.00554507565069,-0.274545874863459,-5.84717635761705,-0.280611574991784
"Y_545","Y_103",1,-4.81285592048728,-7.93356763943752,-4.93097998136291,-8.08493484753591
"Y_545","Y_532",1,-4.94447118498333,-8.29213215427797,-4.93097998136291,-8.08493484753591
"Y_573","Y_191",1,6.93710395415818,-4.84898655875671,6.7403445856032,-4.78292394252247
"Y_573","Y_531",1,6.5282975203432,-4.8916246529359,6.7403445856032,-4.78292394252247
"Y_531","Y_527",1,6.28109067392501,-4.91060342601749,6.5282975203432,-4.8916246529359
"Y_531","Y_2",1,6.53089795551304,-5.13147985147337,6.5282975203432,-4.8916246529359
"Y_765","Y_520",1,-6.58662438873815,-0.296232026965153,-6.79063700641969,-0.202620619572469
"Y_765","Y_259",1,-6.78480132940246,0.0156318346049938,-6.79063700641969,-0.202620619572469
"Y_734","Y_520",1,-6.58662438873815,-0.296232026965153,-6.42177534191447,-0.295378963812902
"Y_757","Y_434",1,-1.74668349510652,-11.1700145065456,-1.54995981020796,-11.1747260084513
"Y_757","Y_516",1,-1.59783004113699,-10.883067134021,-1.54995981020796,-11.1747260084513
"Y_532","Y_514",1,-5.10941763080385,-8.28549524411378,-4.94447118498333,-8.29213215427797
"Y_677","Y_65",1,-7.9388547000615,10.9413155002787,-7.81833386843247,10.9168437104363
"Y_677","Y_512",1,-7.68091120007282,10.8593062563657,-7.81833386843247,10.9168437104363
"Y_571","Y_512",1,-7.68091120007282,10.8593062563657,-7.52818877275458,10.8646053760583
"Y_530","Y_509",1,4.26618614221541,7.43577671229587,4.43938971965498,7.56617451197781
"Y_530","Y_377",1,4.4895243505761,7.74614359210937,4.43938971965498,7.56617451197781
"Y_529","Y_509",1,4.26618614221541,7.43577671229587,4.02604620373398,7.45674364569725
"Y_834","Y_1",1,-8.08942302213025,10.4379130172834,-8.01777715423326,10.5975621263365
"Y_834","Y_508",1,-8.07471668536214,10.7174625489691,-8.01777715423326,10.5975621263365
"Y_517","Y_424",1,4.58731061300701,-2.90365908894685,4.57087273478173,-3.08688781831179
"Y_517","Y_506",1,4.73192760715411,-3.17529388589125,4.57087273478173,-3.08688781831179
"Y_707","Y_505",1,4.20526318360387,3.90726384872312,4.07304758316656,3.74456317842717
"Y_707","Y_491",1,3.90656379051954,3.59934195163415,4.07304758316656,3.74456317842717
"Y_522","Y_14",1,4.41172753601845,4.18948980550575,4.42378054583685,3.98090636570809
"Y_522","Y_505",1,4.20526318360387,3.90726384872312,4.42378054583685,3.98090636570809
"Y_875","Y_239",1,9.5154446959601,-3.62058151898536,9.51131687885121,-3.83613156595059
"Y_875","Y_504",1,9.35067934932625,-3.91187122393514,9.51131687885121,-3.83613156595059
"Y_613","Y_504",1,9.35067934932625,-3.91187122393514,9.1786812762095,-3.82363348403035
"Y_604","Y_502",1,5.0383375113164,-4.08025381900019,4.89397231561419,-4.0653794340556
"Y_562","Y_502",1,5.0383375113164,-4.08025381900019,5.01949946341749,-4.25630446091329
"Y_544","Y_501",1,-1.03159579509991,-0.866070285089445,-1.23874087096667,-0.798572503667964
"Y_544","Y_409",1,-1.34808793547685,-0.613627847131927,-1.23874087096667,-0.798572503667964
"Y_559","Y_500",1,-0.726775305246447,0.965515350791572,-0.722646655624794,1.07189100724423
"Y_559","Y_387",1,-0.626132016871059,1.17192061002233,-0.722646655624794,1.07189100724423
"Y_553","Y_465",1,-0.636887790107564,0.717010866236652,-0.678154188030604,0.850938154062027
"Y_553","Y_500",1,-0.726775305246447,0.965515350791572,-0.678154188030604,0.850938154062027
"Y_704","Y_130",1,6.83618945039287,-8.39854907670021,6.65313790581315,-8.35204570353347
"Y_704","Y_499",1,6.42603752015246,-8.3757536740588,6.65313790581315,-8.35204570353347
"Y_631","Y_499",1,6.42603752015246,-8.3757536740588,6.2462929558721,-8.30468408092055
"Y_501","Y_495",1,-0.879050469860586,-0.833303409031382,-1.03159579509991,-0.866070285089445
"Y_497","Y_495",1,-0.879050469860586,-0.833303409031382,-0.75033747824398,-0.661081660892619
"Y_521","Y_493",1,5.30570954160234,5.67285024141722,5.19344515451376,5.5727548195253
"Y_521","Y_182",1,5.24497124584816,5.43267685511325,5.19344515451376,5.5727548195253
"Y_676","Y_491",1,3.90656379051954,3.59934195163415,3.7966595305813,3.45094630513713
"Y_676","Y_80",1,3.69231743145124,3.35216685482212,3.7966595305813,3.45094630513713
"Y_728","Y_489",1,5.9394083788705,7.30333016645597,6.06034083964773,7.41211065095505
"Y_728","Y_13",1,6.04483530976786,7.53564541920526,6.06034083964773,7.41211065095505
"Y_546","Y_489",1,5.9394083788705,7.30333016645597,5.76301625195267,7.2628446166389
"Y_546","Y_4",1,5.77121864450906,7.04955188767263,5.76301625195267,7.2628446166389
"Y_515","Y_487",1,-2.4685215847362,-2.03381050623364,-2.09391547942173,-3.06462138177516
"Y_515","Y_474",1,-1.50279548855031,-4.00622401213622,-2.09391547942173,-3.06462138177516
"Y_506","Y_485",1,4.66456321231811,-3.35858699197582,4.73192760715411,-3.17529388589125
"Y_506","Y_390",1,4.88467336402213,-3.02307658667768,4.73192760715411,-3.17529388589125
"Y_486","Y_485",1,4.66456321231811,-3.35858699197582,4.74993614544131,-3.5875223963357
"Y_850","Y_480",1,-3.14699278233653,12.419104564641,-2.95118776145765,12.4881115291995
"Y_524","Y_89",1,2.07276980476089,-13.3424968337327,1.97654686747418,-13.2220621437578
"Y_524","Y_479",1,1.74111985042738,-13.1869577695085,1.97654686747418,-13.2220621437578
"Y_488","Y_403",1,0.793328607155674,-12.9769321031693,1.26722422879155,-13.0819449363389
"Y_488","Y_479",1,1.74111985042738,-13.1869577695085,1.26722422879155,-13.0819449363389
"Y_536","Y_478",1,-1.71205823618569,0.601710791436101,-1.58729046182544,0.376732505675031
"Y_536","Y_447",1,-1.59551687190269,0.148634210744122,-1.58729046182544,0.376732505675031
"Y_829","Y_477",1,3.28205182770009,-2.43297848260256,3.02473453873809,-2.54034465968534
"Y_745","Y_476",1,-1.6554141972826,-11.9014553373557,-1.73240451417387,-11.6812602617051
"Y_745","Y_260",1,-1.82844826130222,-11.4476322953429,-1.73240451417387,-11.6812602617051
"Y_490","Y_266",1,2.03994619474428,5.24822362031882,1.86635425235973,5.09526698425509
"Y_490","Y_473",1,1.58326444340973,5.18090018951615,1.86635425235973,5.09526698425509
"Y_838","Y_472",1,0.29530929685086,-5.37717968517481,0.095461197099962,-5.17005016763821
"Y_528","Y_469",1,-2.05997638669376,2.10312609279412,-2.16802169011365,2.24671678746176
"Y_478","Y_468",1,-1.88635515040593,0.742870646952626,-1.71205823618569,0.601710791436101
"Y_556","Y_467",1,0.0771421707763846,1.06043168844151,-0.0182478968428169,1.20431743613423
"Y_556","Y_411",1,-0.147192176198315,1.35598341739542,-0.0182478968428169,1.20431743613423
"Y_542","Y_391",1,-0.421664123143094,0.521710888032166,-0.564083410487852,0.573578214688471
"Y_542","Y_465",1,-0.636887790107564,0.717010866236652,-0.564083410487852,0.573578214688471
"Y_691","Y_463",1,-5.02300255289103,-7.64019295161395,-5.03261786817794,-7.40456473090857
"Y_667","Y_463",1,-5.02300255289103,-7.64019295161395,-4.83224355714099,-7.71320957765651
"Y_667","Y_103",1,-4.81285592048728,-7.93356763943752,-4.83224355714099,-7.71320957765651
"Y_686","Y_462",1,4.48561648245905,6.20734618478825,4.31549514960004,6.19248973543909
"Y_475","Y_455",1,-2.44349542001201,12.0909657290274,-2.62328860862936,12.2290401591855
"Y_475","Y_460",1,-2.66454374251278,12.4371044103182,-2.62328860862936,12.2290401591855
"Y_535","Y_408",1,-0.417444579332378,1.39795274291685,-0.561835850787311,1.50138165715474
"Y_535","Y_459",1,-0.75067762336958,1.48152635100026,-0.561835850787311,1.50138165715474
"Y_813","Y_458",1,9.24433491774593,-2.93798412404359,9.46725220259793,-2.95002806320441
"Y_598","Y_456",1,-4.58785469068222,-6.59947548690849,-4.60908024264153,-6.86264020344407
"Y_856","Y_385",1,-2.2397768186502,11.6261224023173,-2.36029961583396,11.8725935133081
"Y_856","Y_455",1,-2.44349542001201,12.0909657290274,-2.36029961583396,11.8725935133081
"Y_519","Y_411",1,-0.147192176198315,1.35598341739542,-0.0861124575821137,1.58791018607886
"Y_519","Y_453",1,0.357297635914872,1.94384720372497,-0.0861124575821137,1.58791018607886
"Y_549","Y_215",1,7.83953020637321,-7.2741722044355,7.98027490838651,-7.40571833621653
"Y_549","Y_451",1,8.17169409907257,-7.46848882966353,7.98027490838651,-7.40571833621653
"Y_510","Y_404",1,-0.927461717747731,1.40913489228394,-1.04053249565366,1.56068968288876
"Y_510","Y_444",1,-1.19937026406978,1.4972828664481,-1.04053249565366,1.56068968288876
"Y_554","Y_330",1,-2.3985198010582,-10.8767907702879,-2.32096428788369,-11.1824798797093
"Y_554","Y_443",1,-2.42233513782667,-11.3051999799385,-2.32096428788369,-11.1824798797093
"Y_467","Y_442",1,0.051941497110778,0.872913232975794,0.0771421707763846,1.06043168844151
"Y_464","Y_392",1,-0.24158792193103,0.705318017626748,-0.116934493608662,0.818220834477105
"Y_464","Y_442",1,0.051941497110778,0.872913232975794,-0.116934493608662,0.818220834477105
"Y_444","Y_441",1,-1.36840046930744,1.46122281467799,-1.19937026406978,1.4972828664481
"Y_511","Y_437",1,7.05081527416357,-2.84240454821588,7.19018787456366,-2.96776685300234
"Y_511","Y_359",1,7.3989223377354,-3.03122916035926,7.19018787456366,-2.96776685300234
"Y_483","Y_346",1,7.02398630127554,-2.43664477025432,7.11212744135349,-2.62514504276137
"Y_483","Y_437",1,7.05081527416357,-2.84240454821588,7.11212744135349,-2.62514504276137
"Y_484","Y_436",1,-2.50480164763347,0.956111240215321,-2.57278125159298,1.16972896477793
"Y_484","Y_398",1,-2.76153462730169,1.24732359119265,-2.57278125159298,1.16972896477793
"Y_518","Y_373",1,6.37825626045267,-3.49615680545415,6.48014864544149,-3.69968208961468
"Y_518","Y_435",1,6.24925772921478,-3.80826235228946,6.48014864544149,-3.69968208961468
"Y_779","Y_433",1,8.26086192196692,-3.02512269044828,8.26912149591774,-2.87995506607483
"Y_779","Y_265",1,8.36139472506893,-2.78389233530038,8.26912149591774,-2.87995506607483
"Y_469","Y_432",1,-2.20929648902655,1.95562551112846,-2.05997638669376,2.10312609279412
"Y_468","Y_431",1,-2.05640838505331,0.802819625139284,-1.88635515040593,0.742870646952626
"Y_448","Y_431",1,-2.05640838505331,0.802819625139284,-2.22648877021178,0.827447343908397
"Y_448","Y_427",1,-2.31764700327255,0.989684725787158,-2.22648877021178,0.827447343908397
"Y_494","Y_108",1,4.57273972083112,4.75499079009955,4.68836384162111,4.68206850991665
"Y_494","Y_429",1,4.84256687313153,4.6799191793807,4.68836384162111,4.68206850991665
"Y_552","Y_428",1,7.48106042346894,-3.74103811698769,7.40295670652051,-3.48617376760095
"Y_436","Y_427",1,-2.31764700327255,0.989684725787158,-2.50480164763347,0.956111240215321
"Y_858","Y_244",1,-0.656328318903214,-9.33073073730229,-1.02284169853938,-9.98395237675776
"Y_858","Y_425",1,-1.38935507817555,-10.6371740162132,-1.02284169853938,-9.98395237675776
"Y_516","Y_425",1,-1.38935507817555,-10.6371740162132,-1.59783004113699,-10.883067134021
"Y_449","Y_424",1,4.58731061300701,-2.90365908894685,4.62264566700496,-2.7115549952505
"Y_449","Y_79",1,4.75017790506632,-2.72029728687301,4.62264566700496,-2.7115549952505
"Y_566","Y_422",1,8.47816271182921,-2.91661034251946,8.55103419663705,-3.05485267662461
"Y_503","Y_407",1,-1.78709020519251,0.0130160547806758,-1.84966324294764,-0.161173720831314
"Y_503","Y_421",1,-1.68239284514232,-0.230496964943399,-1.84966324294764,-0.161173720831314
"Y_440","Y_421",1,-1.68239284514232,-0.230496964943399,-1.60227445095922,-0.380865935053293
"Y_440","Y_384",1,-1.42378767343999,-0.377027241521545,-1.60227445095922,-0.380865935053293
"Y_460","Y_420",1,-2.69763711241373,12.5803768696324,-2.66454374251278,12.4371044103182
"Y_441","Y_419",1,-1.50485074602379,1.59657453882042,-1.36840046930744,1.46122281467799
"Y_653","Y_418",1,2.20830535773998,-13.4755854664283,2.30988417226769,-13.5045754739805
"Y_419","Y_379",1,-1.64422451183264,1.43412775649381,-1.50485074602379,1.59657453882042
"Y_419","Y_416",1,-1.54205163319629,1.82614780111919,-1.50485074602379,1.59657453882042
"Y_548","Y_415",1,-2.62075172617953,1.63909456998243,-2.66907945542442,1.4417981928109
"Y_548","Y_398",1,-2.76153462730169,1.24732359119265,-2.66907945542442,1.4417981928109
"Y_470","Y_414",1,-2.84231146676321,2.37965239194226,-2.74295680690094,2.47041369552411
"Y_470","Y_381",1,-2.68950225770142,2.56129402021967,-2.74295680690094,2.47041369552411
"Y_493","Y_413",1,5.27282949967484,5.78309424761461,5.30570954160234,5.67285024141722
"Y_466","Y_364",1,5.25945273279348,6.06195388665274,5.35856933307098,5.89956128663898
"Y_466","Y_413",1,5.27282949967484,5.78309424761461,5.35856933307098,5.89956128663898
"Y_447","Y_407",1,-1.78709020519251,0.0130160547806758,-1.59551687190269,0.148634210744122
"Y_408","Y_405",1,-0.493258767978048,1.20818846765645,-0.417444579332378,1.39795274291685
"Y_459","Y_404",1,-0.927461717747731,1.40913489228394,-0.75067762336958,1.48152635100026
"Y_439","Y_403",1,0.793328607155674,-12.9769321031693,0.319432985519795,-12.8719192699997
"Y_439","Y_269",1,-0.154462636116085,-12.7669064368301,0.319432985519795,-12.8719192699997
"Y_474","Y_402",1,-1.22232159973829,-5.04786334697787,-1.50279548855031,-4.00622401213622
"Y_423","Y_323",1,7.23389181665563,-5.1136500506775,7.4350748842752,-5.23766516460723
"Y_423","Y_401",1,7.35928132248201,-5.38071403874902,7.4350748842752,-5.23766516460723
"Y_412","Y_393",1,7.16108855423777,-5.54490935755351,7.29591915493599,-5.4900600862693
"Y_412","Y_401",1,7.35928132248201,-5.38071403874902,7.29591915493599,-5.4900600862693
"Y_414","Y_400",1,-2.74660568259054,2.19362715016696,-2.84231146676321,2.37965239194226
"Y_410","Y_400",1,-2.74660568259054,2.19362715016696,-2.88378134168052,2.08943939667426
"Y_492","Y_190",1,-5.28199241905804,-8.27888013322771,-5.42023795276883,-8.42393341474443
"Y_492","Y_396",1,-5.30206395234207,-8.5613444857037,-5.42023795276883,-8.42393341474443
"Y_538","Y_279",1,4.95030909539653,-2.34704511942977,4.98503523611308,-2.50571436647527
"Y_538","Y_395",1,4.84360592173846,-2.55331889826899,4.98503523611308,-2.50571436647527
"Y_471","Y_79",1,4.75017790506632,-2.72029728687301,4.83394981277561,-2.66366350950853
"Y_471","Y_395",1,4.84360592173846,-2.55331889826899,4.83394981277561,-2.66366350950853
"Y_550","Y_394",1,-2.53690666594134,2.49479281787246,-2.37538482047249,2.46024234825271
"Y_555","Y_391",1,-0.421664123143094,0.521710888032166,-0.283661195730403,0.568721694406631
"Y_555","Y_392",1,-0.24158792193103,0.705318017626748,-0.283661195730403,0.568721694406631
"Y_446","Y_30",1,6.13900708054114,-5.06107724746409,6.12570619889571,-5.25642771334577
"Y_446","Y_389",1,6.14142303610412,-5.47056382770472,6.12570619889571,-5.25642771334577
"Y_405","Y_387",1,-0.626132016871059,1.17192061002233,-0.493258767978048,1.20818846765645
"Y_450","Y_386",1,-2.19207799912074,1.76598676695882,-2.01495130958313,1.69217828543837
"Y_450","Y_376",1,-1.84465992479223,1.56762829182034,-2.01495130958313,1.69217828543837
"Y_432","Y_386",1,-2.19207799912074,1.76598676695882,-2.20929648902655,1.95562551112846
"Y_596","Y_385",1,-2.2397768186502,11.6261224023173,-2.14492817600018,11.3833133856159
"Y_409","Y_384",1,-1.42378767343999,-0.377027241521545,-1.34808793547685,-0.613627847131927
"Y_394","Y_381",1,-2.68950225770142,2.56129402021967,-2.53690666594134,2.49479281787246
"Y_462","Y_380",1,4.58259178199753,6.30051289780355,4.48561648245905,6.20734618478825
"Y_430","Y_378",1,3.42265845141737,3.23377087748096,3.31734037422222,3.19839258789902
"Y_379","Y_376",1,-1.84465992479223,1.56762829182034,-1.64422451183264,1.43412775649381
"Y_397","Y_374",1,8.31492502361954,-7.81460690601729,8.189581169021,-7.75593303574092
"Y_397","Y_133",1,8.1713723470166,-7.60463539861554,8.189581169021,-7.75593303574092
"Y_507","Y_341",1,6.2558285090326,-3.21592494343324,6.4457410648194,-3.27328903616056
"Y_507","Y_373",1,6.37825626045267,-3.49615680545415,6.4457410648194,-3.27328903616056
"Y_487","Y_372",1,-2.10903910949573,-1.77933674883027,-2.4685215847362,-2.03381050623364
"Y_688","Y_371",1,4.8637532364224,6.6621236097442,4.64188343580656,6.63271944654433
"Y_665","Y_19",1,4.99931236221976,6.42545751724986,4.91058205792256,6.50633568210945
"Y_665","Y_371",1,4.8637532364224,6.6621236097442,4.91058205792256,6.50633568210945
"Y_377","Y_370",1,4.56984281000959,7.91493542796093,4.4895243505761,7.74614359210937
"Y_415","Y_369",1,-2.38959277322806,1.67465827997868,-2.62075172617953,1.63909456998243
"Y_386","Y_369",1,-2.38959277322806,1.67465827997868,-2.19207799912074,1.76598676695882
"Y_382","Y_32",1,-3.7037640259893,-9.7232794394652,-4.16706659058451,-9.45773536042198
"Y_382","Y_367",1,-4.56889129513689,-9.20352541908987,-4.16706659058451,-9.45773536042198
"Y_764","Y_365",1,-6.42315166863864,-0.61319735312476,-6.5153297394759,-0.525909234437524
"Y_537","Y_364",1,5.25945273279348,6.06195388665274,5.06702820539998,6.03925606005576
"Y_795","Y_361",1,10.1687676735119,-3.0258442517354,10.0582984413027,-3.22081119091075
"Y_844","Y_310",1,10.142232444286,-2.07376498904862,10.3181127889304,-1.93856766084268
"Y_844","Y_360",1,10.3912574459773,-1.71088649076034,10.3181127889304,-1.93856766084268
"Y_541","Y_306",1,6.92162671115271,-2.07849447273016,6.76043387312717,-2.1966324004462
"Y_541","Y_358",1,6.61274419817723,-2.2571943390787,6.76043387312717,-2.1966324004462
"Y_363","Y_312",1,-9.59211272371717,2.06494688045785,-9.55822897736082,1.98095147729077
"Y_363","Y_355",1,-9.63740361129856,1.85094837041534,-9.55822897736082,1.98095147729077
"Y_443","Y_354",1,-2.48253628665746,-11.4893960908032,-2.42233513782667,-11.3051999799385
"Y_406","Y_353",1,6.16285828907132,-3.09930864280942,6.22617649770521,-2.94614655949227
"Y_406","Y_217",1,6.39074002776901,-2.95066513998397,6.22617649770521,-2.94614655949227
"Y_851","Y_352",1,-2.50773145064183,-11.9403615745257,-2.58247019526982,-11.7885816186666
"Y_851","Y_56",1,-2.46157406649201,-11.6840510721667,-2.58247019526982,-11.7885816186666
"Y_357","Y_268",1,-2.25095876743948,-12.110063517971,-2.42250213240695,-12.085854452897
"Y_357","Y_352",1,-2.50773145064183,-11.9403615745257,-2.42250213240695,-12.085854452897
"Y_564","Y_37",1,-4.04416841958018,8.9670438486238,-4.19701659745825,9.26243353039571
"Y_564","Y_349",1,-4.45354573866866,9.36882325294088,-4.19701659745825,9.26243353039571
"Y_828","Y_348",1,9.70968681583444,-0.748267651012459,9.91396612150717,-0.82182373748009
"Y_828","Y_216",1,10.0022229166351,-0.6636308446732,9.91396612150717,-0.82182373748009
"Y_346","Y_345",1,6.99042730649385,-2.23005024149196,7.02398630127554,-2.43664477025432
"Y_672","Y_344",1,4.16858893875156,-5.844010847288,4.30314316453097,-6.13938560164392
"Y_353","Y_341",1,6.2558285090326,-3.21592494343324,6.16285828907132,-3.09930864280942
"Y_347","Y_339",1,-9.2078706228382,1.39588701606447,-9.37616092719771,1.07073557684431
"Y_340","Y_339",1,-9.2078706228382,1.39588701606447,-9.3592010829201,1.63867938481458
"Y_340","Y_336",1,-9.60050009924781,1.69027179511785,-9.3592010829201,1.63867938481458
"Y_557","Y_164",1,5.05861669995336,5.0750690964223,4.9292468728374,5.05490416415598
"Y_557","Y_338",1,4.9028871218314,4.92173551686959,4.9292468728374,5.05490416415598
"Y_645","Y_305",1,-9.00650301032236,10.1366499572051,-9.14984547134645,10.1332431872276
"Y_645","Y_337",1,-9.29055978378965,10.0914754928608,-9.14984547134645,10.1332431872276
"Y_599","Y_337",1,-9.29055978378965,10.0914754928608,-9.40995123493068,9.9675728593195
"Y_599","Y_299",1,-9.53172795880548,9.84275773066605,-9.40995123493068,9.9675728593195
"Y_355","Y_336",1,-9.60050009924781,1.69027179511785,-9.63740361129856,1.85094837041534
"Y_342","Y_331",1,7.15397550569895,5.59892908641744,7.10125352577672,5.65852172931131
"Y_342","Y_297",1,7.00504063579352,5.73890533313907,7.10125352577672,5.65852172931131
"Y_334","Y_330",1,-2.3985198010582,-10.8767907702879,-2.31385634039936,-10.519911674753
"Y_334","Y_322",1,-2.77715889679887,-10.2543675975517,-2.31385634039936,-10.519911674753
"Y_362","Y_329",1,9.52285446862898,-0.802070733986154,9.38181001483985,-0.671440431405794
"Y_348","Y_329",1,9.52285446862898,-0.802070733986154,9.70968681583444,-0.748267651012459
"Y_871","Y_328",1,-9.42979707724069,9.53193366977199,-9.51809226761865,9.35379197293301
"Y_623","Y_328",1,-9.42979707724069,9.53193366977199,-9.45923406223207,9.70854998381046
"Y_623","Y_299",1,-9.53172795880548,9.84275773066605,-9.45923406223207,9.70854998381046
"Y_683","Y_327",1,10.1361041676061,-0.308710427167331,10.0081524565755,-0.38242021174884
"Y_683","Y_314",1,10.0057118864611,-0.52728704319786,10.0081524565755,-0.38242021174884
"Y_356","Y_326",1,10.0964009347296,-2.40884415755546,10.2640504328512,-2.29815401440294
"Y_356","Y_310",1,10.142232444286,-2.07376498904862,10.2640504328512,-2.29815401440294
"Y_343","Y_39",1,7.67133942934831,-6.55572922329503,7.62684469683853,-6.71182309728361
"Y_343","Y_321",1,7.76795118440308,-6.81460871189608,7.62684469683853,-6.71182309728361
"Y_332","Y_320",1,-9.12907723000245,2.19743341578885,-9.41363189244119,2.24855029596534
"Y_332","Y_316",1,-9.58162365630016,2.173924251092,-9.41363189244119,2.24855029596534
"Y_457","Y_319",1,6.97477283108718,13.2903949176182,7.12014192572697,13.2616749661625
"Y_361","Y_317",1,10.2218265185889,-2.85760487247948,10.1687676735119,-3.0258442517354
"Y_333","Y_213",1,9.7628629474807,-1.38487844666154,9.7172479214231,-1.22473323162649
"Y_333","Y_313",1,9.55013915520934,-1.14452817088925,9.7172479214231,-1.22473323162649
"Y_316","Y_312",1,-9.59211272371717,2.06494688045785,-9.58162365630016,2.173924251092
"Y_733","Y_311",1,-6.62622079013109,0.796384351091365,-6.46170926419907,0.965973437259439
"Y_360","Y_309",1,10.2438337571417,-1.50958960268015,10.3912574459773,-1.71088649076034
"Y_351","Y_309",1,10.2438337571417,-1.50958960268015,9.99100385493738,-1.4463512755126
"Y_351","Y_213",1,9.7628629474807,-1.38487844666154,9.99100385493738,-1.4463512755126
"Y_351","Y_307",1,9.94850455974513,-1.63332328081616,9.99100385493738,-1.4463512755126
"Y_378","Y_308",1,3.56335715191244,3.22312055238568,3.42265845141737,3.23377087748096
"Y_345","Y_306",1,6.92162671115271,-2.07849447273016,6.99042730649385,-2.23005024149196
"Y_586","Y_305",1,-9.00650301032236,10.1366499572051,-8.8720210891996,10.2524210832305
"Y_792","Y_303",1,-4.59161205237272,2.42108604469888,-4.40969737638333,2.51541582518526
"Y_870","Y_244",1,-0.656328318903214,-9.33073073730229,-0.289814939267049,-8.67750909784683
"Y_870","Y_302",1,0.0474671738839297,-8.02278846830406,-0.289814939267049,-8.67750909784683
"Y_763","Y_301",1,0.171893528980763,-7.55771747685358,0.241041650091207,-7.07057617304838
"Y_302","Y_301",1,0.171893528980763,-7.55771747685358,0.0474671738839297,-8.02278846830406
"Y_317","Y_300",1,10.2752871968898,-2.65273273890429,10.2218265185889,-2.85760487247948
"Y_560","Y_298",1,5.9603475593771,-5.64152276580029,5.91489873373197,-5.83157203567991
"Y_389","Y_298",1,5.9603475593771,-5.64152276580029,6.14142303610412,-5.47056382770472
"Y_318","Y_205",1,6.68505091229365,6.01377286464509,6.84750138401081,5.85950812896004
"Y_318","Y_297",1,7.00504063579352,5.73890533313907,6.84750138401081,5.85950812896004
"Y_399","Y_60",1,5.26931338095779,-1.93697643742021,5.47904062544061,-1.88524971009003
"Y_399","Y_295",1,5.6969079096668,-1.89898843915432,5.47904062544061,-1.88524971009003
"Y_375","Y_245",1,4.8360171659357,-2.00168582835965,4.93354891432659,-2.05299161586399
"Y_375","Y_294",1,5.04878263730092,-2.05372058549748,4.93354891432659,-2.05299161586399
"Y_705","Y_293",1,1.24411782292407,2.65572123902999,1.62301681763622,3.06504996456469
"Y_294","Y_292",1,5.15906254046118,-2.11845918900962,5.04878263730092,-2.05372058549748
"Y_292","Y_291",1,5.01304443099497,-2.24845738499178,5.15906254046118,-2.11845918900962
"Y_292","Y_60",1,5.26931338095779,-1.93697643742021,5.15906254046118,-2.11845918900962
"Y_513","Y_290",1,-0.628358257751964,-12.6618936036605,-1.10225387895731,-12.5568807706713
"Y_513","Y_267",1,-1.29270299033447,-12.6396173445861,-1.10225387895731,-12.5568807706713
"Y_695","Y_289",1,3.88252388257292,-5.26597264116068,3.7599153869965,-5.4509884376111
"Y_737","Y_112",1,-7.58038353445434,4.4926834213616,-7.51864837348868,4.22836908971853
"Y_737","Y_288",1,-7.45669033512001,4.01280711522648,-7.51864837348868,4.22836908971853
"Y_679","Y_288",1,-7.45669033512001,4.01280711522648,-7.24451960855271,4.08458705618851
"Y_325","Y_288",1,-7.45669033512001,4.01280711522648,-7.59203021499116,3.77155566761153
"Y_325","Y_229",1,-7.82756682154012,3.68193274538945,-7.59203021499116,3.77155566761153
"Y_323","Y_283",1,7.0571831583517,-5.03839968751517,7.23389181665563,-5.1136500506775
"Y_687","Y_282",1,7.68882719093349,-3.6728371622605,7.8457283920638,-3.49796305345517
"Y_428","Y_282",1,7.68882719093349,-3.6728371622605,7.48106042346894,-3.74103811698769
"Y_762","Y_281",1,-6.95833498470782,0.352008371434704,-7.07571612903596,0.0996922435576434
"Y_762","Y_259",1,-6.78480132940246,0.0156318346049938,-7.07571612903596,0.0996922435576434
"Y_740","Y_280",1,-6.19135471070976,2.65107429384718,-6.38413565573188,2.70106519972045
"Y_366","Y_280",1,-6.19135471070976,2.65107429384718,-6.07543202835003,2.51962350409328
"Y_291","Y_279",1,4.95030909539653,-2.34704511942977,5.01304443099497,-2.24845738499178
"Y_583","Y_277",1,-4.59884432454877,9.54386742605884,-4.73239470776087,9.68393764408712
"Y_349","Y_277",1,-4.59884432454877,9.54386742605884,-4.45354573866866,9.36882325294088
"Y_748","Y_276",1,-6.30687962465993,-1.06932872606849,-6.48876283897166,-0.91437161435661
"Y_746","Y_35",1,-6.67525913694423,-1.47030964401176,-6.44143379908178,-1.31392665441524
"Y_746","Y_276",1,-6.30687962465993,-1.06932872606849,-6.44143379908178,-1.31392665441524
"Y_836","Y_273",1,0.489937349520046,-6.72756312430573,0.472898713100053,-6.56514875017274
"Y_836","Y_123",1,0.452265493332827,-6.37684396558884,0.472898713100053,-6.56514875017274
"Y_777","Y_272",1,-5.80178575278279,1.18347795749668,-5.63746466137268,1.4022335520727
"Y_773","Y_170",1,6.60558439177543,13.1676043747051,6.71226481117605,13.3226118299581
"Y_773","Y_271",1,6.86910812896523,13.4348585851793,6.71226481117605,13.3226118299581
"Y_319","Y_271",1,6.86910812896523,13.4348585851793,6.97477283108718,13.2903949176182
"Y_750","Y_270",1,2.68912974142458,-2.78581201673913,2.91856840849857,-2.90513327975342
"Y_750","Y_159",1,2.99957390830083,-3.142734850064,2.91856840849857,-2.90513327975342
"Y_290","Y_269",1,-0.154462636116085,-12.7669064368301,-0.628358257751964,-12.6618936036605
"Y_275","Y_267",1,-1.29270299033447,-12.6396173445861,-1.38510545618144,-12.7121447646125
"Y_275","Y_263",1,-1.49700250857167,-12.7204634439463,-1.38510545618144,-12.7121447646125
"Y_422","Y_265",1,8.36139472506893,-2.78389233530038,8.47816271182921,-2.91661034251946
"Y_498","Y_15",1,-1.82442015177391,-12.6502694245337,-1.74326633451148,-12.7218032301203
"Y_498","Y_261",1,-1.63027690499127,-12.7509610500752,-1.74326633451148,-12.7218032301203
"Y_263","Y_261",1,-1.63027690499127,-12.7509610500752,-1.49700250857167,-12.7204634439463
"Y_263","Y_69",1,-1.4974206153273,-12.6180034744568,-1.49700250857167,-12.7204634439463
"Y_311","Y_258",1,-6.81525752468627,0.607387581967976,-6.62622079013109,0.796384351091365
"Y_281","Y_258",1,-6.81525752468627,0.607387581967976,-6.95833498470782,0.352008371434704
"Y_840","Y_256",1,1.78203017583097,6.30316459042052,1.66260140325338,6.50059542919691
"Y_840","Y_195",1,1.72351668264572,6.68585282649465,1.66260140325338,6.50059542919691
"Y_649","Y_240",1,2.03282159656539,5.8438245182495,1.97042040011304,6.11238113158909
"Y_649","Y_256",1,1.78203017583097,6.30316459042052,1.97042040011304,6.11238113158909
"Y_284","Y_255",1,-2.18130756507636,-12.2595999517654,-2.0777089430083,-12.3569494009366
"Y_284","Y_42",1,-1.88664713988655,-12.3941120272238,-2.0777089430083,-12.3569494009366
"Y_268","Y_255",1,-2.18130756507636,-12.2595999517654,-2.25095876743948,-12.110063517971
"Y_662","Y_254",1,0.664278667078981,-5.55073428234435,0.866571051492621,-5.56564662241474
"Y_662","Y_250",1,1.23602049609474,-5.39959755170983,0.866571051492621,-5.56564662241474
"Y_264","Y_253",1,4.65227557166886,-2.04984813693445,4.7185270042393,-2.00591301076574
"Y_264","Y_245",1,4.8360171659357,-2.00168582835965,4.7185270042393,-2.00591301076574
"Y_253","Y_252",1,4.60881417074574,-2.13160364789184,4.65227557166886,-2.04984813693445
"Y_561","Y_251",1,5.98412509430673,-4.26141189525254,6.13514355278836,-4.31396656960219
"Y_561","Y_25",1,6.30795110826738,-4.3657961584466,6.13514355278836,-4.31396656960219
"Y_326","Y_249",1,10.1393061049536,-2.54995230584718,10.0964009347296,-2.40884415755546
"Y_300","Y_249",1,10.1393061049536,-2.54995230584718,10.2752871968898,-2.65273273890429
"Y_383","Y_248",1,9.64358531872697,-3.27978381252362,9.65232932985908,-3.46782122447514
"Y_383","Y_239",1,9.5154446959601,-3.62058151898536,9.65232932985908,-3.46782122447514
"Y_262","Y_248",1,9.64358531872697,-3.27978381252362,9.78060961860548,-3.21566401758223
"Y_434","Y_247",1,-1.9369308093771,-11.1843156886795,-1.74668349510652,-11.1700145065456
"Y_260","Y_247",1,-1.9369308093771,-11.1843156886795,-1.82844826130222,-11.4476322953429
"Y_866","Y_246",1,-1.86843448163821,10.8219007395239,-1.99159353147833,10.7540566825762
"Y_298","Y_243",1,5.85696603543959,-5.51365848816501,5.9603475593771,-5.64152276580029
"Y_257","Y_243",1,5.85696603543959,-5.51365848816501,5.6966716681874,-5.46519187256806
"Y_257","Y_43",1,5.67297865871779,-5.29040307427003,5.6966716681874,-5.46519187256806
"Y_251","Y_242",1,5.82948618718665,-4.28512485501115,5.98412509430673,-4.26141189525254
"Y_335","Y_241",1,8.62770181042541,-4.17199756555089,8.38173233136205,-4.18531953733883
"Y_286","Y_241",1,8.62770181042541,-4.17199756555089,8.83467755367656,-4.09800437568831
"Y_755","Y_240",1,2.03282159656539,5.8438245182495,1.79947340899034,5.67284037823699
"Y_755","Y_95",1,1.90056477353171,5.44423162441271,1.79947340899034,5.67284037823699
"Y_696","Y_238",1,7.60001507484289,-7.35185522904082,7.46410097379264,-7.24521310131777
"Y_696","Y_234",1,7.27473699002619,-7.24487326642697,7.46410097379264,-7.24521310131777
"Y_696","Y_115",1,7.51670763926192,-7.13290450993402,7.46410097379264,-7.24521310131777
"Y_454","Y_237",1,2.26807498689874,4.1139968794671,2.08730978557423,4.23760812485164
"Y_315","Y_236",1,6.71495836158189,-2.60758887086501,6.53536726411309,-2.6715306764976
"Y_315","Y_207",1,6.53396409681132,-2.86665171002501,6.53536726411309,-2.6715306764976
"Y_563","Y_235",1,3.25449811568607,7.59883305696462,3.33424019043988,7.32289928660157
"Y_235","Y_233",1,3.18841737001188,7.86013443053948,3.25449811568607,7.59883305696462
"Y_853","Y_46",1,3.01691434969556,7.95398419467784,2.79695038769293,7.93669424425647
"Y_853","Y_232",1,2.63130274701792,7.90642829499314,2.79695038769293,7.93669424425647
"Y_826","Y_208",1,9.03031983101587,-2.00520604511438,9.29608624449389,-2.01551458250423
"Y_826","Y_231",1,9.26911928310912,-1.74545698399517,9.29608624449389,-2.01551458250423
"Y_350","Y_24",1,9.57910911344946,-1.51814665006964,9.477486807474,-1.75059117069036
"Y_350","Y_231",1,9.26911928310912,-1.74545698399517,9.477486807474,-1.75059117069036
"Y_658","Y_230",1,-6.96868282539409,3.27548413647607,-6.97348602516972,3.01667743934191
"Y_285","Y_70",1,-7.20506485298441,3.65836168033535,-7.06082087478432,3.49157560807074
"Y_285","Y_230",1,-6.96868282539409,3.27548413647607,-7.06082087478432,3.49157560807074
"Y_304","Y_229",1,-7.82756682154012,3.68193274538945,-7.87241971450534,3.40706290891388
"Y_842","Y_225",1,-8.48453440675373,1.47142333492681,-8.37091414052663,1.23369051647312
"Y_842","Y_204",1,-8.48344486057766,1.0024061700957,-8.37091414052663,1.23369051647312
"Y_523","Y_224",1,1.7304942027632,6.97547804953804,1.84588724371969,7.07451246248413
"Y_523","Y_63",1,2.02713812287545,7.14963284701206,1.84588724371969,7.07451246248413
"Y_426","Y_212",1,-8.73762511075527,2.18993680277583,-8.65190820630492,1.87716954480887
"Y_426","Y_223",1,-8.62530030382771,1.65224519840482,-8.65190820630492,1.87716954480887
"Y_225","Y_223",1,-8.62530030382771,1.65224519840482,-8.48453440675373,1.47142333492681
"Y_232","Y_222",1,2.49529459640936,7.76784107765433,2.63130274701792,7.90642829499314
"Y_358","Y_221",1,6.6330944030359,-2.4290185319355,6.61274419817723,-2.2571943390787
"Y_236","Y_221",1,6.6330944030359,-2.4290185319355,6.71495836158189,-2.60758887086501
"Y_526","Y_219",1,4.93928344176572,11.0232085640909,4.35163063384285,10.6422078248787
"Y_526","Y_176",1,4.29622937764884,9.9070154764145,4.35163063384285,10.6422078248787
"Y_526","Y_109",1,3.81937908211398,10.9963994341309,4.35163063384285,10.6422078248787
"Y_220","Y_169",1,6.11458905761146,11.7852100425151,5.52693624968859,11.404209303303
"Y_220","Y_219",1,4.93928344176572,11.0232085640909,5.52693624968859,11.404209303303
"Y_841","Y_218",1,-8.59551572854576,0.575198105683043,-8.74923393395486,0.346014388941371
"Y_841","Y_144",1,-8.599050960259,0.0801511061614437,-8.74923393395486,0.346014388941371
"Y_226","Y_204",1,-8.48344486057766,1.0024061700957,-8.33648371434382,0.788735028623734
"Y_226","Y_218",1,-8.59551572854576,0.575198105683043,-8.33648371434382,0.788735028623734
"Y_314","Y_216",1,10.0022229166351,-0.6636308446732,10.0057118864611,-0.52728704319786
"Y_238","Y_215",1,7.83953020637321,-7.2741722044355,7.60001507484289,-7.35185522904082
"Y_222","Y_214",1,2.40604883571401,7.52862869332564,2.49529459640936,7.76784107765433
"Y_320","Y_212",1,-8.73762511075527,2.18993680277583,-9.12907723000245,2.19743341578885
"Y_612","Y_211",1,2.49322408263801,6.67432299028046,2.19307467352474,6.82021716345507
"Y_744","Y_155",1,-3.15827816153833,5.56937621391895,-2.95549614629615,5.87606626505431
"Y_744","Y_209",1,-3.19562355283588,6.64926544446784,-2.95549614629615,5.87606626505431
"Y_217","Y_207",1,6.53396409681132,-2.86665171002501,6.39074002776901,-2.95066513998397
"Y_602","Y_206",1,-1.8718727444883,10.8748026480302,-1.9390863429224,11.0328372682493
"Y_246","Y_206",1,-1.8718727444883,10.8748026480302,-1.86843448163821,10.8219007395239
"Y_329","Y_203",1,9.60171086703244,-0.9748953678062,9.52285446862898,-0.802070733986154
"Y_313","Y_203",1,9.60171086703244,-0.9748953678062,9.55013915520934,-1.14452817088925
"Y_321","Y_202",1,7.77883285576562,-6.95736811221634,7.76795118440308,-6.81460871189608
"Y_210","Y_115",1,7.51670763926192,-7.13290450993402,7.62812703134539,-7.0333953526721
"Y_210","Y_202",1,7.77883285576562,-6.95736811221634,7.62812703134539,-7.0333953526721
"Y_713","Y_201",1,5.8354447219379,7.69159447102269,5.78505043704677,7.7874881590544
"Y_713","Y_132",1,5.72789126645999,7.87462244607992,5.78505043704677,7.7874881590544
"Y_199","Y_139",1,2.99213602471275,11.7440560189291,3.06858110259716,11.666206476949
"Y_199","Y_198",1,3.11607125902278,11.6124180142922,3.06858110259716,11.666206476949
"Y_453","Y_197",1,0.80070772941947,2.29978422137748,0.357297635914872,1.94384720372497
"Y_293","Y_197",1,0.80070772941947,2.29978422137748,1.24411782292407,2.65572123902999
"Y_741","Y_196",1,8.19434514506153,-7.97976894684141,8.09614285973591,-8.11586389654356
"Y_374","Y_196",1,8.19434514506153,-7.97976894684141,8.31492502361954,-7.81460690601729
"Y_283","Y_191",1,6.93710395415818,-4.84898655875671,7.0571831583517,-5.03839968751517
"Y_514","Y_190",1,-5.28199241905804,-8.27888013322771,-5.10941763080385,-8.28549524411378
"Y_835","Y_184",1,-4.54016857614373,10.4819434287821,-4.49880149032792,10.3417452205154
"Y_835","Y_86",1,-4.55658557848855,10.1996175869889,-4.49880149032792,10.3417452205154
"Y_367","Y_183",1,-4.87227523391284,-9.07383732134364,-4.56889129513689,-9.20352541908987
"Y_848","Y_182",1,5.24497124584816,5.43267685511325,5.15277430183969,5.3156481161658
"Y_848","Y_93",1,5.13765405401783,5.18961929498383,5.15277430183969,5.3156481161658
"Y_393","Y_180",1,7.22846545896919,-5.69724382972193,7.16108855423777,-5.54490935755351
"Y_417","Y_178",1,5.37653976978641,6.17111271656139,5.52349583005397,6.26686540804428
"Y_417","Y_149",1,5.70266717800953,6.14731008833169,5.52349583005397,6.26686540804428
"Y_364","Y_178",1,5.37653976978641,6.17111271656139,5.25945273279348,6.06195388665274
"Y_715","Y_175",1,6.70224186553415,12.1662107817269,6.74106725558418,12.3458002852394
"Y_710","Y_174",1,-3.92200086000978,12.220214435585,-3.72803343712598,12.0282485678583
"Y_296","Y_171",1,7.17558397670537,-7.65516434489787,7.24210931912485,-7.83159301347744
"Y_296","Y_122",1,7.31002279735114,-8.06212932830792,7.24210931912485,-7.83159301347744
"Y_582","Y_170",1,6.60558439177543,13.1676043747051,6.53313841900073,13.0113946945928
"Y_175","Y_169",1,6.11458905761146,11.7852100425151,6.70224186553415,12.1662107817269
"Y_173","Y_167",1,-13.1065705626964,2.20693879254786,-13.3135674311001,2.33979277596245
"Y_173","Y_156",1,-13.415320506754,2.442312687039,-13.3135674311001,2.33979277596245
"Y_185","Y_119",1,-9.4188130696276,4.86797611009018,-9.26246806876703,4.88397891126824
"Y_185","Y_162",1,-9.13583344185518,4.90796703627168,-9.26246806876703,4.88397891126824
"Y_192","Y_161",1,-9.99391412752902,4.84141485464428,-10.2251208487115,4.73381298731604
"Y_192","Y_138",1,-10.4223949902021,4.68572472516999,-10.2251208487115,4.73381298731604
"Y_597","Y_159",1,2.99957390830083,-3.142734850064,2.99600233882074,-3.39861161443148
"Y_461","Y_157",1,4.87018977710738,7.5924248312862,4.96388164751561,7.44459642013408
"Y_445","Y_155",1,-3.15827816153833,5.56937621391895,-3.5294322807227,4.9832449058797
"Y_177","Y_34",1,4.475641214662,8.20315669454067,4.2908859718151,8.21240823734702
"Y_177","Y_154",1,4.18542686526084,8.43663077948602,4.2908859718151,8.21240823734702
"Y_168","Y_153",1,-7.92193877818774,4.61357471626737,-7.8119585574425,4.4404731277189
"Y_168","Y_112",1,-7.58038353445434,4.4926834213616,-7.8119585574425,4.4404731277189
"Y_322","Y_152",1,-3.24046146139408,-9.98882351850843,-2.77715889679887,-10.2543675975517
"Y_368","Y_150",1,7.68476458214582,-6.01698783100876,7.51368483771254,-5.88509862200946
"Y_368","Y_9",1,7.39833730430466,-5.74219203322565,7.51368483771254,-5.88509862200946
"Y_576","Y_149",1,5.70266717800953,6.14731008833169,6.0744312236659,6.06439273166703
"Y_476","Y_146",1,-1.57391311841033,-12.0754515957202,-1.6554141972826,-11.9014553373557
"Y_429","Y_145",1,4.91263137059928,4.81252916531983,4.84256687313153,4.6799191793807
"Y_338","Y_145",1,4.91263137059928,4.81252916531983,4.9028871218314,4.92173551686959
"Y_702","Y_50",1,-8.61441946760075,-0.468203334940157,-8.58739379971575,-0.200415131192733
"Y_702","Y_144",1,-8.599050960259,0.0801511061614437,-8.58739379971575,-0.200415131192733
"Y_603","Y_143",1,-4.61573371669923,10.9735166459492,-4.77528158686899,10.9031822013009
"Y_574","Y_73",1,-4.4652510844904,11.3100774083569,-4.55547124467903,11.1563501537634
"Y_574","Y_143",1,-4.61573371669923,10.9735166459492,-4.55547124467903,11.1563501537634
"Y_593","Y_140",1,5.4949578920605,-4.94987899323291,5.49763360399095,-5.10912205387577
"Y_324","Y_137",1,9.9567275642965,-1.79464725593689,9.79812799175878,-1.72083471355013
"Y_307","Y_137",1,9.9567275642965,-1.79464725593689,9.94850455974513,-1.63332328081616
"Y_142","Y_136",1,-12.0623120688953,3.88094499070062,-11.7605208419529,3.85705459402087
"Y_142","Y_92",1,-11.5571947958638,4.10097869296044,-11.7605208419529,3.85705459402087
"Y_136","Y_135",1,-12.0699231696247,3.53874563999496,-12.0623120688953,3.88094499070062
"Y_151","Y_96",1,-11.0293384872156,4.66556167598332,-10.8087162354212,4.8050384066783
"Y_151","Y_134",1,-10.6698341602449,4.61428053382478,-10.8087162354212,4.8050384066783
"Y_138","Y_134",1,-10.6698341602449,4.61428053382478,-10.4223949902021,4.68572472516999
"Y_451","Y_133",1,8.1713723470166,-7.60463539861554,8.17169409907257,-7.46848882966353
"Y_186","Y_100",1,-12.5644139159824,3.23625434938285,-12.7875499188354,3.21597900673845
"Y_186","Y_129",1,-12.9588877335142,2.965948953227,-12.7875499188354,3.21597900673845
"Y_158","Y_127",1,4.41728508191567,4.67445247992351,4.42907277508287,4.47204600107059
"Y_158","Y_14",1,4.41172753601845,4.18948980550575,4.42907277508287,4.47204600107059
"Y_146","Y_126",1,-1.47259089099425,-12.204422947586,-1.57391311841033,-12.0754515957202
"Y_167","Y_124",1,-12.8856787162285,2.21890274278197,-13.1065705626964,2.20693879254786
"Y_131","Y_124",1,-12.8856787162285,2.21890274278197,-12.8295482042654,2.43884655213295
"Y_131","Y_99",1,-12.5965463891214,2.46954414619274,-12.8295482042654,2.43884655213295
"Y_578","Y_123",1,0.452265493332827,-6.37684396558884,0.372049159852606,-6.18883219066392
"Y_723","Y_122",1,7.31002279735114,-8.06212932830792,7.06601978619843,-8.18237878641336
"Y_723","Y_78",1,7.02839568960264,-8.38706421908994,7.06601978619843,-8.18237878641336
"Y_234","Y_120",1,7.09518230171502,-7.27592952228327,7.27473699002619,-7.24487326642697
"Y_189","Y_118",1,-9.79991841799422,4.64392112518061,-9.6192910471575,4.81946998419464
"Y_189","Y_119",1,-9.4188130696276,4.86797611009018,-9.6192910471575,4.81946998419464
"Y_161","Y_118",1,-9.79991841799422,4.64392112518061,-9.99391412752902,4.84141485464428
"Y_165","Y_117",1,-11.1554738017065,4.33370387530606,-11.025082528426,4.11305609902965
"Y_148","Y_117",1,-11.1554738017065,4.33370387530606,-11.4094859714834,4.38176447127129
"Y_148","Y_92",1,-11.5571947958638,4.10097869296044,-11.4094859714834,4.38176447127129
"Y_148","Y_114",1,-11.6638134549362,4.48689419613792,-11.4094859714834,4.38176447127129
"Y_181","Y_82",1,-13.4201493869021,2.6461356795619,-13.2488017707445,2.75549123123578
"Y_181","Y_116",1,-13.2456197296982,2.96456623076373,-13.2488017707445,2.75549123123578
"Y_129","Y_116",1,-13.2456197296982,2.96456623076373,-12.9588877335142,2.965948953227
"Y_147","Y_74",1,-11.4642170898309,4.7295622813211,-11.6838144101735,4.62451425068443
"Y_147","Y_114",1,-11.6638134549362,4.48689419613792,-11.6838144101735,4.62451425068443
"Y_135","Y_113",1,-12.3819354601986,3.46074204782546,-12.0699231696247,3.53874563999496
"Y_139","Y_111",1,2.88878242378181,11.7114762230098,2.99213602471275,11.7440560189291
"Y_831","Y_110",1,-4.63102697554058,-6.29508252785934,-4.74165569972068,-6.19286317516823
"Y_125","Y_97",1,3.17145505880515,11.5102945900717,3.2871275303889,11.3505910433801
"Y_125","Y_109",1,3.81937908211398,10.9963994341309,3.2871275303889,11.3505910433801
"Y_127","Y_108",1,4.57273972083112,4.75499079009955,4.41728508191567,4.67445247992351
"Y_188","Y_88",1,-8.20050993784153,4.71380738083881,-8.41381149046784,4.71821285393685
"Y_188","Y_107",1,-8.57135941909449,4.8153942526718,-8.41381149046784,4.71821285393685
"Y_187","Y_101",1,-8.86996480232938,4.83215775695322,-8.75416926601886,4.77166842412638
"Y_187","Y_107",1,-8.57135941909449,4.8153942526718,-8.75416926601886,4.77166842412638
"Y_237","Y_106",1,2.38081480706053,3.88370741563411,2.26807498689874,4.1139968794671
"Y_160","Y_105",1,-12.5771649712617,2.80316789316164,-12.2864328651687,2.80755579442759
"Y_113","Y_100",1,-12.5644139159824,3.23625434938285,-12.3819354601986,3.46074204782546
"Y_105","Y_99",1,-12.5965463891214,2.46954414619274,-12.5771649712617,2.80316789316164
"Y_128","Y_19",1,4.99931236221976,6.42545751724986,5.10199511699506,6.4765435595144
"Y_128","Y_98",1,5.1867564037855,6.50368706474314,5.10199511699506,6.4765435595144
"Y_198","Y_97",1,3.17145505880515,11.5102945900717,3.11607125902278,11.6124180142922
"Y_266","Y_95",1,1.90056477353171,5.44423162441271,2.03994619474428,5.24822362031882
"Y_162","Y_94",1,-8.99932997821074,4.88670635551851,-9.13583344185518,4.90796703627168
"Y_101","Y_94",1,-8.99932997821074,4.88670635551851,-8.86996480232938,4.83215775695322
"Y_164","Y_93",1,5.13765405401783,5.18961929498383,5.05861669995336,5.0750690964223
"Y_141","Y_91",1,-4.9541669095225,-8.57150352709786,-4.97687830163453,-8.73346743511736
"Y_141","Y_52",1,-5.01939209394129,-8.8960813293772,-4.97687830163453,-8.73346743511736
"Y_418","Y_89",1,2.07276980476089,-13.3424968337327,2.20830535773998,-13.4755854664283
"Y_472","Y_87",1,0.451022289408172,-5.52589631349536,0.29530929685086,-5.37717968517481
"Y_438","Y_87",1,0.451022289408172,-5.52589631349536,0.352091120484529,-5.7607291496181
"Y_254","Y_87",1,0.451022289408172,-5.52589631349536,0.664278667078981,-5.55073428234435
"Y_214","Y_85",1,2.27694723244956,7.26943848992894,2.40604883571401,7.52862869332564
"Y_163","Y_84",1,-7.39589715954207,10.580590527265,-7.38361052341417,10.7488260829242
"Y_456","Y_83",1,-4.70067660654414,-6.44746896457465,-4.58785469068222,-6.59947548690849
"Y_110","Y_83",1,-4.70067660654414,-6.44746896457465,-4.63102697554058,-6.29508252785934
"Y_156","Y_82",1,-13.4201493869021,2.6461356795619,-13.415320506754,2.442312687039
"Y_396","Y_81",1,-5.14154764663864,-8.56762924631464,-5.30206395234207,-8.5613444857037
"Y_91","Y_81",1,-5.14154764663864,-8.56762924631464,-4.9541669095225,-8.57150352709786
"Y_308","Y_80",1,3.69231743145124,3.35216685482212,3.56335715191244,3.22312055238568
"Y_130","Y_78",1,7.02839568960264,-8.38706421908994,6.83618945039287,-8.39854907670021
"Y_452","Y_17",1,-7.17679271009641,10.4450566898882,-6.88640811199124,10.3500164326063
"Y_452","Y_77",1,-6.62840927680859,10.2177689398892,-6.88640811199124,10.3500164326063
"Y_102","Y_77",1,-6.62840927680859,10.2177689398892,-6.33384370392018,10.2657464652787
"Y_287","Y_69",1,-1.4974206153273,-12.6180034744568,-1.50241106482621,-12.5082147533393
"Y_287","Y_76",1,-1.53226484154698,-12.3667465368987,-1.50241106482621,-12.5082147533393
"Y_126","Y_76",1,-1.53226484154698,-12.3667465368987,-1.47259089099425,-12.204422947586
"Y_591","Y_26",1,2.52958803039655,-2.61458175453837,2.38365880505012,-2.75354307063582
"Y_591","Y_75",1,2.2774235906974,-2.91285947470381,2.38365880505012,-2.75354307063582
"Y_194","Y_73",1,-4.4652510844904,11.3100774083569,-4.42884468033991,11.5125060994027
"Y_153","Y_72",1,-8.13390211636795,4.48999557424001,-7.92193877818774,4.61357471626737
"Y_88","Y_72",1,-8.13390211636795,4.48999557424001,-8.20050993784153,4.71380738083881
"Y_96","Y_71",1,-11.2103786399314,4.84106985703268,-11.0293384872156,4.66556167598332
"Y_74","Y_71",1,-11.2103786399314,4.84106985703268,-11.4642170898309,4.7295622813211
"Y_200","Y_68",1,5.50814165701288,7.86609106067553,5.4642836267568,8.00854084307513
"Y_200","Y_45",1,5.37109083433215,8.0805450910962,5.4642836267568,8.00854084307513
"Y_833","Y_66",1,-8.57123927500295,10.0997208701334,-8.46687067804434,10.1878309243422
"Y_589","Y_64",1,-7.48690925032437,-1.10269915308874,-7.32937029993256,-1.25620912021322
"Y_589","Y_7",1,-7.10146783869421,-1.32885452082068,-7.32937029993256,-1.25620912021322
"Y_85","Y_63",1,2.02713812287545,7.14963284701206,2.27694723244956,7.26943848992894
"Y_157","Y_61",1,4.89615162380812,7.72809289502772,4.87018977710738,7.5924248312862
"Y_121","Y_18",1,4.92015156315558,7.97822361270914,4.96002604442991,7.86580410078421
"Y_121","Y_61",1,4.89615162380812,7.72809289502772,4.96002604442991,7.86580410078421
"Y_496","Y_31",1,5.38774743881725,6.7289291507345,5.51714185674587,6.75639352173364
"Y_496","Y_59",1,5.69161181970147,6.69747877062791,5.51714185674587,6.75639352173364
"Y_90","Y_59",1,5.69161181970147,6.69747877062791,5.67991025144067,6.89423463893113
"Y_90","Y_4",1,5.77121864450906,7.04955188767263,5.67991025144067,6.89423463893113
"Y_735","Y_16",1,-3.45859480581642,12.2705730263308,-3.56106957387725,12.4969022151088
"Y_735","Y_58",1,-3.65779767541152,12.6144634332865,-3.56106957387725,12.4969022151088
"Y_62","Y_10",1,-3.92971024088878,12.4888419686276,-3.85622231318649,12.6303269635029
"Y_62","Y_58",1,-3.65779767541152,12.6144634332865,-3.85622231318649,12.6303269635029
"Y_354","Y_56",1,-2.46157406649201,-11.6840510721667,-2.48253628665746,-11.4893960908032
"Y_480","Y_55",1,-3.25779884796877,12.19180720989,-3.14699278233653,12.419104564641
"Y_580","Y_54",1,2.01839096772729,-3.87625782149495,1.76732160217708,-4.46569172468511
"Y_508","Y_53",1,-7.98638118030232,10.8163516211918,-8.07471668536214,10.7174625489691
"Y_65","Y_53",1,-7.98638118030232,10.8163516211918,-7.9388547000615,10.9413155002787
"Y_183","Y_52",1,-5.01939209394129,-8.8960813293772,-4.87227523391284,-9.07383732134364
"Y_51","Y_28",1,-8.87285390207741,-0.888014982865219,-8.85753927971881,-0.642451829010698
"Y_51","Y_50",1,-8.61441946760075,-0.468203334940157,-8.85753927971881,-0.642451829010698
"Y_166","Y_12",1,5.0459366297319,8.19716936749496,4.98648367750832,8.18326177442254
"Y_166","Y_49",1,4.96685615953419,8.0908184585344,4.98648367750832,8.18326177442254
"Y_605","Y_48",1,-7.75767911530465,-1.36800379817071,-7.59112318980821,-1.60958782141343
"Y_233","Y_46",1,3.01691434969556,7.95398419467784,3.18841737001188,7.86013443053948
"Y_193","Y_22",1,5.15899980705327,8.15659285079968,5.24387137091969,8.07206388332952
"Y_193","Y_45",1,5.37109083433215,8.0805450910962,5.24387137091969,8.07206388332952
"Y_685","Y_40",1,-8.35976342016847,-0.950084523300016,-8.38689572842844,-1.04868216058658
"Y_685","Y_44",1,-8.5654212736665,-1.14813753269957,-8.38689572842844,-1.04868216058658
"Y_663","Y_44",1,-8.5654212736665,-1.14813753269957,-8.6714312829629,-0.924861213507256
"Y_663","Y_28",1,-8.87285390207741,-0.888014982865219,-8.6714312829629,-0.924861213507256
"Y_274","Y_42",1,-1.88664713988655,-12.3941120272238,-1.89824127029013,-12.5489396414345
"Y_274","Y_15",1,-1.82442015177391,-12.6502694245337,-1.89824127029013,-12.5489396414345
"Y_132","Y_41",1,5.67787332989811,7.91799658415896,5.72789126645999,7.87462244607992
"Y_846","Y_39",1,7.67133942934831,-6.55572922329503,7.51780169405878,-6.44909591124297
"Y_482","Y_38",1,8.15058145123503,-3.10198197042806,7.99278197763151,-3.10501216375766
"Y_433","Y_38",1,8.15058145123503,-3.10198197042806,8.26086192196692,-3.02512269044828
"Y_278","Y_37",1,-4.04416841958018,8.9670438486238,-3.85028192620594,8.74594495607939
"Y_201","Y_36",1,5.93401493894069,7.61819012168047,5.8354447219379,7.69159447102269
"Y_577","Y_35",1,-6.67525913694423,-1.47030964401176,-6.7484937414421,-1.72782641749557
"Y_68","Y_33",1,5.61101261089034,7.91704843542537,5.50814165701288,7.86609106067553
"Y_41","Y_33",1,5.61101261089034,7.91704843542537,5.67787332989811,7.91799658415896
"Y_152","Y_32",1,-3.7037640259893,-9.7232794394652,-3.24046146139408,-9.98882351850843
"Y_527","Y_30",1,6.13900708054114,-5.06107724746409,6.28109067392501,-4.91060342601749
"Y_98","Y_29",1,5.24638644644204,6.58234092389129,5.1867564037855,6.50368706474314
"Y_228","Y_28",1,-8.87285390207741,-0.888014982865219,-9.13512058422406,-1.12045930053292
"Y_661","Y_27",1,3.61280321005254,-4.56386288103638,3.75973346099226,-4.61618539943359
"Y_625","Y_27",1,3.61280321005254,-4.56386288103638,3.58727322146575,-4.42473175610187
"Y_270","Y_26",1,2.52958803039655,-2.61458175453837,2.68912974142458,-2.78581201673913
"Y_227","Y_26",1,2.52958803039655,-2.61458175453837,2.66871404737807,-2.42703009155302
"Y_534","Y_25",1,6.30795110826738,-4.3657961584466,6.29457960007353,-4.13481584495119
"Y_213","Y_24",1,9.57910911344946,-1.51814665006964,9.7628629474807,-1.38487844666154
"Y_120","Y_23",1,7.05604108833649,-7.44384388693698,7.09518230171502,-7.27592952228327
"Y_34","Y_21",1,4.63433243117402,8.15478224540515,4.475641214662,8.20315669454067
"Y_711","Y_20",1,3.75166692552106,-3.43225841089774,3.97464219116008,-3.49343491632431
"Y_57","Y_18",1,4.92015156315558,7.97822361270914,4.75825021354003,7.97524230019205
"Y_57","Y_11",1,4.64972683314575,8.02415075560808,4.75825021354003,7.97524230019205
"Y_49","Y_18",1,4.92015156315558,7.97822361270914,4.96685615953419,8.0908184585344
"Y_84","Y_17",1,-7.17679271009641,10.4450566898882,-7.39589715954207,10.580590527265
"Y_55","Y_16",1,-3.45859480581642,12.2705730263308,-3.25779884796877,12.19180720989
"Y_36","Y_13",1,6.04483530976786,7.53564541920526,5.93401493894069,7.61819012168047
"Y_22","Y_12",1,5.0459366297319,8.19716936749496,5.15899980705327,8.15659285079968
"Y_370","Y_11",1,4.64972683314575,8.02415075560808,4.56984281000959,7.91493542796093
"Y_21","Y_11",1,4.64972683314575,8.02415075560808,4.63433243117402,8.15478224540515
"Y_174","Y_10",1,-3.92971024088878,12.4888419686276,-3.92200086000978,12.220214435585
"Y_180","Y_9",1,7.39833730430466,-5.74219203322565,7.22846545896919,-5.69724382972193
"Y_20","Y_8",1,3.54123234181819,-3.37164818216168,3.75166692552106,-3.43225841089774
"Y_67","Y_7",1,-7.10146783869421,-1.32885452082068,-7.1317093077213,-1.55678298128091
"Y_31","Y_6",1,5.39559714130981,6.59153777247516,5.38774743881725,6.7289291507345
"Y_29","Y_6",1,5.39559714130981,6.59153777247516,5.24638644644204,6.58234092389129
"Y_176","Y_5",1,4.24082812145484,9.17182312795025,4.29622937764884,9.9070154764145
"Y_154","Y_5",1,4.24082812145484,9.17182312795025,4.18542686526084,8.43663077948602
"Y_380","Y_3",1,4.73705440588432,6.25192291576101,4.58259178199753,6.30051289780355
"Y_794","Y_1",1,-8.08942302213025,10.4379130172834,-8.25110291439279,10.5140863186988
