"spatial_sample_id","permutation_id","permuted_median_distance","observed_median_distance"
"All_spots",1,197.101496696499,222.389298303673
"All_spots",2,198.539668580362,222.389298303673
"All_spots",3,205.197465871292,222.389298303673
"All_spots",4,203.120653799657,222.389298303673
"All_spots",5,211.697897958388,222.389298303673
"All_spots",6,204.156802482798,222.389298303673
"All_spots",7,213.377599574088,222.389298303673
"All_spots",8,175.567650778838,222.389298303673
"All_spots",9,199.323857076869,222.389298303673
"All_spots",10,204.156802482798,222.389298303673
"All_spots",11,205.156038175824,222.389298303673
"All_spots",12,199.323857076869,222.389298303673
"All_spots",13,198.979898482234,222.389298303673
"All_spots",14,204.156802482798,222.389298303673
"All_spots",15,204.156802482798,222.389298303673
"All_spots",16,208.722303551872,222.389298303673
"All_spots",17,194.794763789995,222.389298303673
"All_spots",18,195.386795869117,222.389298303673
"All_spots",19,198.736005796635,222.389298303673
"All_spots",20,175.641680702503,222.389298303673
"All_spots",21,176.309387157916,222.389298303673
"All_spots",22,205.119477378429,222.389298303673
"All_spots",23,185.421142268081,222.389298303673
"All_spots",24,204.120062708201,222.389298303673
"All_spots",25,205.156038175824,222.389298303673
"All_spots",26,208.355465491069,222.389298303673
"All_spots",27,198.736005796635,222.389298303673
"All_spots",28,198.385987408385,222.389298303673
"All_spots",29,198.736005796635,222.389298303673
"All_spots",30,206.155281280883,222.389298303673
"All_spots",31,199.323857076869,222.389298303673
"All_spots",32,212.445287074108,222.389298303673
"All_spots",33,204.156802482798,222.389298303673
"All_spots",34,204.156802482798,222.389298303673
"All_spots",35,202.607995893548,222.389298303673
"All_spots",36,175.567650778838,222.389298303673
"All_spots",37,200.262327960103,222.389298303673
"All_spots",38,198.539668580362,222.389298303673
"All_spots",39,172.52536045463,222.389298303673
"All_spots",40,199.672231419394,222.389298303673
"All_spots",41,179.744262773531,222.389298303673
"All_spots",42,198.406149098258,222.389298303673
"All_spots",43,204.156802482798,222.389298303673
"All_spots",44,196.654519398869,222.389298303673
"All_spots",45,199.722307216795,222.389298303673
"All_spots",46,174.897112611958,222.389298303673
"All_spots",47,205.156038175824,222.389298303673
"All_spots",48,204.188638273534,222.389298303673
"All_spots",49,204.313484625954,222.389298303673
"All_spots",50,212.46176126541,222.389298303673
"All_spots",51,202.35859260234,222.389298303673
"All_spots",52,203.393706883964,222.389298303673
"All_spots",53,194.077304185729,222.389298303673
"All_spots",54,175.641680702503,222.389298303673
"All_spots",55,203.157574311174,222.389298303673
"All_spots",56,200.262327960103,222.389298303673
"All_spots",57,209.351379264623,222.389298303673
"All_spots",58,209.652092763225,222.389298303673
"All_spots",59,199.672231419394,222.389298303673
"All_spots",60,200.262327960103,222.389298303673
"All_spots",61,204.266982158155,222.389298303673
"All_spots",62,199.323857076869,222.389298303673
"All_spots",63,174.897112611958,222.389298303673
"All_spots",64,205.156038175824,222.389298303673
"All_spots",65,199.672231419394,222.389298303673
"All_spots",66,206.196508214858,222.389298303673
"All_spots",67,183.806963959476,222.389298303673
"All_spots",68,204.707107839469,222.389298303673
"All_spots",69,193.155377869735,222.389298303673
"All_spots",70,175.641680702503,222.389298303673
"All_spots",71,197.489240213233,222.389298303673
"All_spots",72,199.672231419394,222.389298303673
"All_spots",73,205.119477378429,222.389298303673
"All_spots",74,183.806963959476,222.389298303673
"All_spots",75,206.118897726531,222.389298303673
"All_spots",76,183.806963959476,222.389298303673
"All_spots",77,200.242353162362,222.389298303673
"All_spots",78,196.173392691262,222.389298303673
"All_spots",79,206.155281280883,222.389298303673
"All_spots",80,205.156038175824,222.389298303673
"All_spots",81,175.567650778838,222.389298303673
"All_spots",82,208.568933448872,222.389298303673
"All_spots",83,209.84756372186,222.389298303673
"All_spots",84,207.077280260293,222.389298303673
"All_spots",85,205.156038175824,222.389298303673
"All_spots",86,180.04443895883,222.389298303673
"All_spots",87,201.556443707464,222.389298303673
"All_spots",88,204.462710536665,222.389298303673
"All_spots",89,198.385987408385,222.389298303673
"All_spots",90,201.955440629858,222.389298303673
"All_spots",91,204.1984329029,222.389298303673
"All_spots",92,198.406149098258,222.389298303673
"All_spots",93,198.385987408385,222.389298303673
"All_spots",94,199.672231419394,222.389298303673
"All_spots",95,194.077304185729,222.389298303673
"All_spots",96,194.288445358956,222.389298303673
"All_spots",97,204.156802482798,222.389298303673
"All_spots",98,203.120653799657,222.389298303673
"All_spots",99,204.156802482798,222.389298303673
"All_spots",100,199.323857076869,222.389298303673
"All_spots",101,204.156802482798,222.389298303673
"All_spots",102,200.262327960103,222.389298303673
"All_spots",103,195.923454440759,222.389298303673
"All_spots",104,198.736005796635,222.389298303673
"All_spots",105,206.155281280883,222.389298303673
"All_spots",106,196.173392691262,222.389298303673
"All_spots",107,211.376441449846,222.389298303673
"All_spots",108,208.542561603141,222.389298303673
"All_spots",109,207.793166393893,222.389298303673
"All_spots",110,202.35859260234,222.389298303673
"All_spots",111,194.077304185729,222.389298303673
"All_spots",112,185.800968781113,222.389298303673
"All_spots",113,198.385987408385,222.389298303673
"All_spots",114,204.120062708201,222.389298303673
"All_spots",115,185.20529150108,222.389298303673
"All_spots",116,205.156038175824,222.389298303673
"All_spots",117,195.77793542685,222.389298303673
"All_spots",118,208.165799304305,222.389298303673
"All_spots",119,198.010100752462,222.389298303673
"All_spots",120,185.800968781113,222.389298303673
"All_spots",121,202.871880752361,222.389298303673
"All_spots",122,196.758735511285,222.389298303673
"All_spots",123,213.138452654607,222.389298303673
"All_spots",124,211.697897958388,222.389298303673
"All_spots",125,211.322029140362,222.389298303673
"All_spots",126,198.929635801205,222.389298303673
"All_spots",127,202.871880752361,222.389298303673
"All_spots",128,204.156802482798,222.389298303673
"All_spots",129,198.010100752462,222.389298303673
"All_spots",130,206.155281280883,222.389298303673
"All_spots",131,195,222.389298303673
"All_spots",132,206.155281280883,222.389298303673
"All_spots",133,175.641680702503,222.389298303673
"All_spots",134,187.408644411084,222.389298303673
"All_spots",135,212.313447525116,222.389298303673
"All_spots",136,205.197465871292,222.389298303673
"All_spots",137,195.386795869117,222.389298303673
"All_spots",138,204.156802482798,222.389298303673
"All_spots",139,198.385987408385,222.389298303673
"All_spots",140,187.408644411084,222.389298303673
"All_spots",141,206.155281280883,222.389298303673
"All_spots",142,204.156802482798,222.389298303673
"All_spots",143,181.024860171193,222.389298303673
"All_spots",144,205.625873858326,222.389298303673
"All_spots",145,198.010100752462,222.389298303673
"All_spots",146,198.929635801205,222.389298303673
"All_spots",147,198.736005796635,222.389298303673
"All_spots",148,202.871880752361,222.389298303673
"All_spots",149,203.157574311174,222.389298303673
"All_spots",150,207.634293891929,222.389298303673
"All_spots",151,200.242353162362,222.389298303673
"All_spots",152,204.592277469117,222.389298303673
"All_spots",153,198.736005796635,222.389298303673
"All_spots",154,207.793166393893,222.389298303673
"All_spots",155,184.024454896625,222.389298303673
"All_spots",156,205.156038175824,222.389298303673
"All_spots",157,212.249852767911,222.389298303673
"All_spots",158,204.120062708201,222.389298303673
"All_spots",159,203.120653799657,222.389298303673
"All_spots",160,202.871880752361,222.389298303673
"All_spots",161,200.638979263751,222.389298303673
"All_spots",162,201.955440629858,222.389298303673
"All_spots",163,205.197465871292,222.389298303673
"All_spots",164,197.489240213233,222.389298303673
"All_spots",165,198.806438527529,222.389298303673
"All_spots",166,196.654519398869,222.389298303673
"All_spots",167,196.094365038876,222.389298303673
"All_spots",168,198.406149098258,222.389298303673
"All_spots",169,198.736005796635,222.389298303673
"All_spots",170,203.393706883964,222.389298303673
"All_spots",171,205.766858361593,222.389298303673
"All_spots",172,213.018778514947,222.389298303673
"All_spots",173,208.463426048792,222.389298303673
"All_spots",174,204.120062708201,222.389298303673
"All_spots",175,204.156802482798,222.389298303673
"All_spots",176,212.565284089383,222.389298303673
"All_spots",177,199.722307216795,222.389298303673
"All_spots",178,207.86774641584,222.389298303673
"All_spots",179,183.918460193641,222.389298303673
"All_spots",180,204.313484625954,222.389298303673
"All_spots",181,204.156802482798,222.389298303673
"All_spots",182,205.156038175824,222.389298303673
"All_spots",183,200.638979263751,222.389298303673
"All_spots",184,205.766858361593,222.389298303673
"All_spots",185,195.77793542685,222.389298303673
"All_spots",186,204.120062708201,222.389298303673
"All_spots",187,198.979898482234,222.389298303673
"All_spots",188,202.35859260234,222.389298303673
"All_spots",189,200.262327960103,222.389298303673
"All_spots",190,198.040399918804,222.389298303673
"All_spots",191,204.156802482798,222.389298303673
"All_spots",192,197.101496696499,222.389298303673
"All_spots",193,184.252544080129,222.389298303673
"All_spots",194,204.156802482798,222.389298303673
"All_spots",195,201.955440629858,222.389298303673
"All_spots",196,213.459598050779,222.389298303673
"All_spots",197,178.440466262561,222.389298303673
"All_spots",198,204.120062708201,222.389298303673
"All_spots",199,192.23423212321,222.389298303673
"All_spots",200,199.323857076869,222.389298303673
"All_spots",201,207.793166393893,222.389298303673
"All_spots",202,178.616908494129,222.389298303673
"All_spots",203,195.386795869117,222.389298303673
"All_spots",204,204.707107839469,222.389298303673
"All_spots",205,212.313447525116,222.389298303673
"All_spots",206,202.35859260234,222.389298303673
"All_spots",207,200.743617582228,222.389298303673
"All_spots",208,201.955440629858,222.389298303673
"All_spots",209,204.156802482798,222.389298303673
"All_spots",210,199.323857076869,222.389298303673
"All_spots",211,179.044687159379,222.389298303673
"All_spots",212,203.54115063053,222.389298303673
"All_spots",213,185.20529150108,222.389298303673
"All_spots",214,209.351379264623,222.389298303673
"All_spots",215,204.156802482798,222.389298303673
"All_spots",216,173.046236595888,222.389298303673
"All_spots",217,206.155281280883,222.389298303673
"All_spots",218,182.408881362723,222.389298303673
"All_spots",219,202.474689776278,222.389298303673
"All_spots",220,204.120062708201,222.389298303673
"All_spots",221,208.463426048792,222.389298303673
"All_spots",222,194.288445358956,222.389298303673
"All_spots",223,211.539594402561,222.389298303673
"All_spots",224,205.625873858326,222.389298303673
"All_spots",225,204.266982158155,222.389298303673
"All_spots",226,197.448727521856,222.389298303673
"All_spots",227,208.165799304305,222.389298303673
"All_spots",228,204.156802482798,222.389298303673
"All_spots",229,212.445287074108,222.389298303673
"All_spots",230,208.463426048792,222.389298303673
"All_spots",231,198.385987408385,222.389298303673
"All_spots",232,204.1984329029,222.389298303673
"All_spots",233,184.491192201688,222.389298303673
"All_spots",234,205.197465871292,222.389298303673
"All_spots",235,195.931110342385,222.389298303673
"All_spots",236,198.040399918804,222.389298303673
"All_spots",237,200.262327960103,222.389298303673
"All_spots",238,213.845738793178,222.389298303673
"All_spots",239,202.35859260234,222.389298303673
"All_spots",240,204.120062708201,222.389298303673
"All_spots",241,190.128903641714,222.389298303673
"All_spots",242,204.156802482798,222.389298303673
"All_spots",243,204.592277469117,222.389298303673
"All_spots",244,181.024860171193,222.389298303673
"All_spots",245,208.542561603141,222.389298303673
"All_spots",246,204.1984329029,222.389298303673
"All_spots",247,197.448727521856,222.389298303673
"All_spots",248,207.992788336519,222.389298303673
"All_spots",249,196.308430791956,222.389298303673
"All_spots",250,207.793166393893,222.389298303673
"All_spots",251,204.707107839469,222.389298303673
"All_spots",252,208.463426048792,222.389298303673
"All_spots",253,204.1984329029,222.389298303673
"All_spots",254,198.539668580362,222.389298303673
"All_spots",255,204.156802482798,222.389298303673
"All_spots",256,204.156802482798,222.389298303673
"All_spots",257,208.355465491069,222.389298303673
"All_spots",258,187.20042734994,222.389298303673
"All_spots",259,201.955440629858,222.389298303673
"All_spots",260,205.156038175824,222.389298303673
"All_spots",261,202.871880752361,222.389298303673
"All_spots",262,202.232539419353,222.389298303673
"All_spots",263,202.871880752361,222.389298303673
"All_spots",264,198.929635801205,222.389298303673
"All_spots",265,204.636262671111,222.389298303673
"All_spots",266,210.440015206234,222.389298303673
"All_spots",267,199.323857076869,222.389298303673
"All_spots",268,174.897112611958,222.389298303673
"All_spots",269,197.489240213233,222.389298303673
"All_spots",270,204.156802482798,222.389298303673
"All_spots",271,203.789106676486,222.389298303673
"All_spots",272,204.120062708201,222.389298303673
"All_spots",273,206.155281280883,222.389298303673
"All_spots",274,201.315672514586,222.389298303673
"All_spots",275,212.249852767911,222.389298303673
"All_spots",276,175.567650778838,222.389298303673
"All_spots",277,198.010100752462,222.389298303673
"All_spots",278,175.641680702503,222.389298303673
"All_spots",279,198.539668580362,222.389298303673
"All_spots",280,204.156802482798,222.389298303673
"All_spots",281,206.864690075421,222.389298303673
"All_spots",282,199.672231419394,222.389298303673
"All_spots",283,199.672231419394,222.389298303673
"All_spots",284,206.196508214858,222.389298303673
"All_spots",285,206.155281280883,222.389298303673
"All_spots",286,192.626581758593,222.389298303673
"All_spots",287,174.897112611958,222.389298303673
"All_spots",288,207.238992470047,222.389298303673
"All_spots",289,205.156038175824,222.389298303673
"All_spots",290,204.120062708201,222.389298303673
"All_spots",291,196.697737658571,222.389298303673
"All_spots",292,210.297408448131,222.389298303673
"All_spots",293,196.173392691262,222.389298303673
"All_spots",294,202.871880752361,222.389298303673
"All_spots",295,210.48752932181,222.389298303673
"All_spots",296,182.408881362723,222.389298303673
"All_spots",297,211.879682839106,222.389298303673
"All_spots",298,179.025137899682,222.389298303673
"All_spots",299,198.385987408385,222.389298303673
"All_spots",300,204.156802482798,222.389298303673
"All_spots",301,210.95023109729,222.389298303673
"All_spots",302,199.323857076869,222.389298303673
"All_spots",303,206.155281280883,222.389298303673
"All_spots",304,206.155281280883,222.389298303673
"All_spots",305,206.421898063166,222.389298303673
"All_spots",306,210.440015206234,222.389298303673
"All_spots",307,204.156802482798,222.389298303673
"All_spots",308,204.156802482798,222.389298303673
"All_spots",309,197.489240213233,222.389298303673
"All_spots",310,202.474689776278,222.389298303673
"All_spots",311,208.355465491069,222.389298303673
"All_spots",312,205.197465871292,222.389298303673
"All_spots",313,204.1984329029,222.389298303673
"All_spots",314,190.168346472277,222.389298303673
"All_spots",315,206.939604715965,222.389298303673
"All_spots",316,198.406149098258,222.389298303673
"All_spots",317,195.386795869117,222.389298303673
"All_spots",318,200.242353162362,222.389298303673
"All_spots",319,202.232539419353,222.389298303673
"All_spots",320,205.119477378429,222.389298303673
"All_spots",321,206.155281280883,222.389298303673
"All_spots",322,205.156038175824,222.389298303673
"All_spots",323,205.197465871292,222.389298303673
"All_spots",324,204.592277469117,222.389298303673
"All_spots",325,195.256241897666,222.389298303673
"All_spots",326,204.313484625954,222.389298303673
"All_spots",327,204.156802482798,222.389298303673
"All_spots",328,198.385987408385,222.389298303673
"All_spots",329,198.040399918804,222.389298303673
"All_spots",330,210.440015206234,222.389298303673
"All_spots",331,200.638979263751,222.389298303673
"All_spots",332,204.156802482798,222.389298303673
"All_spots",333,201.03979705521,222.389298303673
"All_spots",334,193.545860198559,222.389298303673
"All_spots",335,205.156038175824,222.389298303673
"All_spots",336,186.603858481008,222.389298303673
"All_spots",337,187.408644411084,222.389298303673
"All_spots",338,204.156802482798,222.389298303673
"All_spots",339,198.010100752462,222.389298303673
"All_spots",340,203.002463039245,222.389298303673
"All_spots",341,178.21616088335,222.389298303673
"All_spots",342,206.494551986245,222.389298303673
"All_spots",343,200.743617582228,222.389298303673
"All_spots",344,203.393706883964,222.389298303673
"All_spots",345,175.567650778838,222.389298303673
"All_spots",346,205.766858361593,222.389298303673
"All_spots",347,205.119477378429,222.389298303673
"All_spots",348,175.567650778838,222.389298303673
"All_spots",349,207.793166393893,222.389298303673
"All_spots",350,206.155281280883,222.389298303673
"All_spots",351,199.323857076869,222.389298303673
"All_spots",352,192.626581758593,222.389298303673
"All_spots",353,212.249852767911,222.389298303673
"All_spots",354,201.955440629858,222.389298303673
"All_spots",355,207.793166393893,222.389298303673
"All_spots",356,207.238992470047,222.389298303673
"All_spots",357,197.489240213233,222.389298303673
"All_spots",358,211.376441449846,222.389298303673
"All_spots",359,203.393706883964,222.389298303673
"All_spots",360,184.613108960334,222.389298303673
"All_spots",361,204.707107839469,222.389298303673
"All_spots",362,199.722307216795,222.389298303673
"All_spots",363,206.155281280883,222.389298303673
"All_spots",364,199.849943707773,222.389298303673
"All_spots",365,205.156038175824,222.389298303673
"All_spots",366,204.313484625954,222.389298303673
"All_spots",367,195.256241897666,222.389298303673
"All_spots",368,204.707107839469,222.389298303673
"All_spots",369,209.84756372186,222.389298303673
"All_spots",370,204.156802482798,222.389298303673
"All_spots",371,207.238992470047,222.389298303673
"All_spots",372,208.165799304305,222.389298303673
"All_spots",373,203.789106676486,222.389298303673
"All_spots",374,197.223223784624,222.389298303673
"All_spots",375,198.929635801205,222.389298303673
"All_spots",376,204.156802482798,222.389298303673
"All_spots",377,207.793166393893,222.389298303673
"All_spots",378,204.156802482798,222.389298303673
"All_spots",379,174.897112611958,222.389298303673
"All_spots",380,203.789106676486,222.389298303673
"All_spots",381,204.156802482798,222.389298303673
"All_spots",382,198.736005796635,222.389298303673
"All_spots",383,204.156802482798,222.389298303673
"All_spots",384,198.010100752462,222.389298303673
"All_spots",385,207.793166393893,222.389298303673
"All_spots",386,208.165799304305,222.389298303673
"All_spots",387,212.809774211618,222.389298303673
"All_spots",388,202.871880752361,222.389298303673
"All_spots",389,208.542561603141,222.389298303673
"All_spots",390,210.618137870412,222.389298303673
"All_spots",391,204.244950977986,222.389298303673
"All_spots",392,205.197465871292,222.389298303673
"All_spots",393,211.539594402561,222.389298303673
"All_spots",394,186.603858481008,222.389298303673
"All_spots",395,205.156038175824,222.389298303673
"All_spots",396,207.424685126915,222.389298303673
"All_spots",397,207.793166393893,222.389298303673
"All_spots",398,198.929635801205,222.389298303673
"All_spots",399,211.697897958388,222.389298303673
"All_spots",400,207.634293891929,222.389298303673
"All_spots",401,210.090456708533,222.389298303673
"All_spots",402,201.955440629858,222.389298303673
"All_spots",403,200.179919072818,222.389298303673
"All_spots",404,204.156802482798,222.389298303673
"All_spots",405,198.406149098258,222.389298303673
"All_spots",406,204.156802482798,222.389298303673
"All_spots",407,199.722307216795,222.389298303673
"All_spots",408,199.251097863977,222.389298303673
"All_spots",409,209.504176569347,222.389298303673
"All_spots",410,203.393706883964,222.389298303673
"All_spots",411,199.323857076869,222.389298303673
"All_spots",412,196.173392691262,222.389298303673
"All_spots",413,204.120062708201,222.389298303673
"All_spots",414,197.101496696499,222.389298303673
"All_spots",415,215.127868952398,222.389298303673
"All_spots",416,205.119477378429,222.389298303673
"All_spots",417,204.592277469117,222.389298303673
"All_spots",418,199.672231419394,222.389298303673
"All_spots",419,185,222.389298303673
"All_spots",420,211.879682839106,222.389298303673
"All_spots",421,204.313484625954,222.389298303673
"All_spots",422,198.929635801205,222.389298303673
"All_spots",423,185.067555233217,222.389298303673
"All_spots",424,204.156802482798,222.389298303673
"All_spots",425,178.21616088335,222.389298303673
"All_spots",426,201.03979705521,222.389298303673
"All_spots",427,211.286535302182,222.389298303673
"All_spots",428,200.262327960103,222.389298303673
"All_spots",429,200.262327960103,222.389298303673
"All_spots",430,203.789106676486,222.389298303673
"All_spots",431,201.955440629858,222.389298303673
"All_spots",432,209.504176569347,222.389298303673
"All_spots",433,179.025137899682,222.389298303673
"All_spots",434,205.119477378429,222.389298303673
"All_spots",435,206.155281280883,222.389298303673
"All_spots",436,197.448727521856,222.389298303673
"All_spots",437,207.86774641584,222.389298303673
"All_spots",438,199.672231419394,222.389298303673
"All_spots",439,208.355465491069,222.389298303673
"All_spots",440,207.634293891929,222.389298303673
"All_spots",441,205.156038175824,222.389298303673
"All_spots",442,194.288445358956,222.389298303673
"All_spots",443,204.266982158155,222.389298303673
"All_spots",444,192.626581758593,222.389298303673
"All_spots",445,206.196508214858,222.389298303673
"All_spots",446,194.465935320302,222.389298303673
"All_spots",447,178.21616088335,222.389298303673
"All_spots",448,209.84756372186,222.389298303673
"All_spots",449,205.197465871292,222.389298303673
"All_spots",450,205.119477378429,222.389298303673
"All_spots",451,196.308430791956,222.389298303673
"All_spots",452,202.474689776278,222.389298303673
"All_spots",453,206.118897726531,222.389298303673
"All_spots",454,199.323857076869,222.389298303673
"All_spots",455,207.793166393893,222.389298303673
"All_spots",456,199.722307216795,222.389298303673
"All_spots",457,205.197465871292,222.389298303673
"All_spots",458,199.323857076869,222.389298303673
"All_spots",459,201.315672514586,222.389298303673
"All_spots",460,196.847656831368,222.389298303673
"All_spots",461,204.592277469117,222.389298303673
"All_spots",462,206.196508214858,222.389298303673
"All_spots",463,193.545860198559,222.389298303673
"All_spots",464,204.156802482798,222.389298303673
"All_spots",465,184.401735349752,222.389298303673
"All_spots",466,214.189168727086,222.389298303673
"All_spots",467,204.707107839469,222.389298303673
"All_spots",468,199.323857076869,222.389298303673
"All_spots",469,199.722307216795,222.389298303673
"All_spots",470,184.613108960334,222.389298303673
"All_spots",471,196.308430791956,222.389298303673
"All_spots",472,196.173392691262,222.389298303673
"All_spots",473,185.800968781113,222.389298303673
"All_spots",474,190.128903641714,222.389298303673
"All_spots",475,199.323857076869,222.389298303673
"All_spots",476,205.197465871292,222.389298303673
"All_spots",477,204.120062708201,222.389298303673
"All_spots",478,208.355465491069,222.389298303673
"All_spots",479,204.707107839469,222.389298303673
"All_spots",480,207.992788336519,222.389298303673
"All_spots",481,176.309387157916,222.389298303673
"All_spots",482,201.03979705521,222.389298303673
"All_spots",483,192.626581758593,222.389298303673
"All_spots",484,175.641680702503,222.389298303673
"All_spots",485,205.197465871292,222.389298303673
"All_spots",486,206.155281280883,222.389298303673
"All_spots",487,175.567650778838,222.389298303673
"All_spots",488,205.104851234679,222.389298303673
"All_spots",489,204.156802482798,222.389298303673
"All_spots",490,198.385987408385,222.389298303673
"All_spots",491,205.156038175824,222.389298303673
"All_spots",492,205.156038175824,222.389298303673
"All_spots",493,211.879682839106,222.389298303673
"All_spots",494,190.128903641714,222.389298303673
"All_spots",495,199.323857076869,222.389298303673
"All_spots",496,206.155281280883,222.389298303673
"All_spots",497,193.545860198559,222.389298303673
"All_spots",498,196.758735511285,222.389298303673
"All_spots",499,205.156038175824,222.389298303673
"All_spots",500,201.201391645287,222.389298303673
"All_spots",501,184.613108960334,222.389298303673
"All_spots",502,203.120653799657,222.389298303673
"All_spots",503,204.156802482798,222.389298303673
"All_spots",504,199.722307216795,222.389298303673
"All_spots",505,204.156802482798,222.389298303673
"All_spots",506,198.539668580362,222.389298303673
"All_spots",507,202.232539419353,222.389298303673
"All_spots",508,200.551738960299,222.389298303673
"All_spots",509,192.626581758593,222.389298303673
"All_spots",510,207.793166393893,222.389298303673
"All_spots",511,204.156802482798,222.389298303673
"All_spots",512,204.156802482798,222.389298303673
"All_spots",513,213.251025788858,222.389298303673
"All_spots",514,194.465935320302,222.389298303673
"All_spots",515,197.448727521856,222.389298303673
"All_spots",516,207.992788336519,222.389298303673
"All_spots",517,211.322029140362,222.389298303673
"All_spots",518,204.156802482798,222.389298303673
"All_spots",519,202.607995893548,222.389298303673
"All_spots",520,208.355465491069,222.389298303673
"All_spots",521,204.1984329029,222.389298303673
"All_spots",522,198.979898482234,222.389298303673
"All_spots",523,200.743617582228,222.389298303673
"All_spots",524,175.567650778838,222.389298303673
"All_spots",525,198.640378573945,222.389298303673
"All_spots",526,205.156038175824,222.389298303673
"All_spots",527,207.793166393893,222.389298303673
"All_spots",528,199.722307216795,222.389298303673
"All_spots",529,211.151604303638,222.389298303673
"All_spots",530,210.48752932181,222.389298303673
"All_spots",531,198.406149098258,222.389298303673
"All_spots",532,204.120062708201,222.389298303673
"All_spots",533,205.197465871292,222.389298303673
"All_spots",534,198.010100752462,222.389298303673
"All_spots",535,204.313484625954,222.389298303673
"All_spots",536,202.35859260234,222.389298303673
"All_spots",537,213.251025788858,222.389298303673
"All_spots",538,198.929635801205,222.389298303673
"All_spots",539,200.242353162362,222.389298303673
"All_spots",540,192.626581758593,222.389298303673
"All_spots",541,200.638979263751,222.389298303673
"All_spots",542,187.20042734994,222.389298303673
"All_spots",543,208.463426048792,222.389298303673
"All_spots",544,197.489240213233,222.389298303673
"All_spots",545,193.940712590214,222.389298303673
"All_spots",546,213.600093632938,222.389298303673
"All_spots",547,204.1984329029,222.389298303673
"All_spots",548,195.923454440759,222.389298303673
"All_spots",549,197.448727521856,222.389298303673
"All_spots",550,212.084888664893,222.389298303673
"All_spots",551,205.625873858326,222.389298303673
"All_spots",552,184.024454896625,222.389298303673
"All_spots",553,193.545860198559,222.389298303673
"All_spots",554,206.155281280883,222.389298303673
"All_spots",555,205.625873858326,222.389298303673
"All_spots",556,194.288445358956,222.389298303673
"All_spots",557,204.120062708201,222.389298303673
"All_spots",558,203.120653799657,222.389298303673
"All_spots",559,201.201391645287,222.389298303673
"All_spots",560,198.929635801205,222.389298303673
"All_spots",561,207.793166393893,222.389298303673
"All_spots",562,190.128903641714,222.389298303673
"All_spots",563,190.128903641714,222.389298303673
"All_spots",564,203.54115063053,222.389298303673
"All_spots",565,184.613108960334,222.389298303673
"All_spots",566,185.421142268081,222.389298303673
"All_spots",567,200.638979263751,222.389298303673
"All_spots",568,195.166595502407,222.389298303673
"All_spots",569,178.21616088335,222.389298303673
"All_spots",570,205.119477378429,222.389298303673
"All_spots",571,212.445287074108,222.389298303673
"All_spots",572,207.793166393893,222.389298303673
"All_spots",573,184.252544080129,222.389298303673
"All_spots",574,200.927847746399,222.389298303673
"All_spots",575,198.040399918804,222.389298303673
"All_spots",576,203.120653799657,222.389298303673
"All_spots",577,208.355465491069,222.389298303673
"All_spots",578,173.326281907851,222.389298303673
"All_spots",579,198.539668580362,222.389298303673
"All_spots",580,197.489240213233,222.389298303673
"All_spots",581,203.54115063053,222.389298303673
"All_spots",582,204.313484625954,222.389298303673
"All_spots",583,198.385987408385,222.389298303673
"All_spots",584,205.625873858326,222.389298303673
"All_spots",585,207.793166393893,222.389298303673
"All_spots",586,174.897112611958,222.389298303673
"All_spots",587,211.697897958388,222.389298303673
"All_spots",588,205.243757517738,222.389298303673
"All_spots",589,198.010100752462,222.389298303673
"All_spots",590,209.153054005912,222.389298303673
"All_spots",591,207.238992470047,222.389298303673
"All_spots",592,195.77793542685,222.389298303673
"All_spots",593,204.1984329029,222.389298303673
"All_spots",594,185.585559783082,222.389298303673
"All_spots",595,201.315672514586,222.389298303673
"All_spots",596,204.120062708201,222.389298303673
"All_spots",597,208.734280845289,222.389298303673
"All_spots",598,195.256241897666,222.389298303673
"All_spots",599,203.393706883964,222.389298303673
"All_spots",600,193.940712590214,222.389298303673
"All_spots",601,204.156802482798,222.389298303673
"All_spots",602,198.385987408385,222.389298303673
"All_spots",603,204.156802482798,222.389298303673
"All_spots",604,204.266982158155,222.389298303673
"All_spots",605,199.323857076869,222.389298303673
"All_spots",606,204.156802482798,222.389298303673
"All_spots",607,204.156802482798,222.389298303673
"All_spots",608,198.929635801205,222.389298303673
"All_spots",609,198.010100752462,222.389298303673
"All_spots",610,204.156802482798,222.389298303673
"All_spots",611,206.118897726531,222.389298303673
"All_spots",612,201.03979705521,222.389298303673
"All_spots",613,206.421898063166,222.389298303673
"All_spots",614,204.1984329029,222.389298303673
"All_spots",615,198.010100752462,222.389298303673
"All_spots",616,194.288445358956,222.389298303673
"All_spots",617,201.955440629858,222.389298303673
"All_spots",618,208.722303551872,222.389298303673
"All_spots",619,202.474689776278,222.389298303673
"All_spots",620,207.992788336519,222.389298303673
"All_spots",621,198.929635801205,222.389298303673
"All_spots",622,175.567650778838,222.389298303673
"All_spots",623,211.879682839106,222.389298303673
"All_spots",624,204.120062708201,222.389298303673
"All_spots",625,198.736005796635,222.389298303673
"All_spots",626,199.672231419394,222.389298303673
"All_spots",627,198.929635801205,222.389298303673
"All_spots",628,200.179919072818,222.389298303673
"All_spots",629,203.120653799657,222.389298303673
"All_spots",630,201.955440629858,222.389298303673
"All_spots",631,198.040399918804,222.389298303673
"All_spots",632,198.385987408385,222.389298303673
"All_spots",633,205.156038175824,222.389298303673
"All_spots",634,186.131673822593,222.389298303673
"All_spots",635,204.1984329029,222.389298303673
"All_spots",636,198.806438527529,222.389298303673
"All_spots",637,204.156802482798,222.389298303673
"All_spots",638,204.156802482798,222.389298303673
"All_spots",639,210.344954776672,222.389298303673
"All_spots",640,198.040399918804,222.389298303673
"All_spots",641,204.156802482798,222.389298303673
"All_spots",642,203.120653799657,222.389298303673
"All_spots",643,187.408644411084,222.389298303673
"All_spots",644,212.664054320423,222.389298303673
"All_spots",645,205.197465871292,222.389298303673
"All_spots",646,204.156802482798,222.389298303673
"All_spots",647,204.120062708201,222.389298303673
"All_spots",648,198.979898482234,222.389298303673
"All_spots",649,205.119477378429,222.389298303673
"All_spots",650,202.232539419353,222.389298303673
"All_spots",651,195.386795869117,222.389298303673
"All_spots",652,208.165799304305,222.389298303673
"All_spots",653,180.011110768197,222.389298303673
"All_spots",654,185.010810494955,222.389298303673
"All_spots",655,204.156802482798,222.389298303673
"All_spots",656,185.20529150108,222.389298303673
"All_spots",657,203.002463039245,222.389298303673
"All_spots",658,198.385987408385,222.389298303673
"All_spots",659,200.242353162362,222.389298303673
"All_spots",660,201.556443707464,222.389298303673
"All_spots",661,212.46176126541,222.389298303673
"All_spots",662,205.119477378429,222.389298303673
"All_spots",663,212.46176126541,222.389298303673
"All_spots",664,202.35859260234,222.389298303673
"All_spots",665,193.545860198559,222.389298303673
"All_spots",666,213.377599574088,222.389298303673
"All_spots",667,198.322968916866,222.389298303673
"All_spots",668,185.067555233217,222.389298303673
"All_spots",669,213.600093632938,222.389298303673
"All_spots",670,174.897112611958,222.389298303673
"All_spots",671,206.155281280883,222.389298303673
"All_spots",672,204.156802482798,222.389298303673
"All_spots",673,207.634293891929,222.389298303673
"All_spots",674,205.119477378429,222.389298303673
"All_spots",675,192.626581758593,222.389298303673
"All_spots",676,204.707107839469,222.389298303673
"All_spots",677,198.539668580362,222.389298303673
"All_spots",678,211.376441449846,222.389298303673
"All_spots",679,211.728599863127,222.389298303673
"All_spots",680,204.156802482798,222.389298303673
"All_spots",681,204.156802482798,222.389298303673
"All_spots",682,204.156802482798,222.389298303673
"All_spots",683,202.871880752361,222.389298303673
"All_spots",684,175.567650778838,222.389298303673
"All_spots",685,205.156038175824,222.389298303673
"All_spots",686,187.408644411084,222.389298303673
"All_spots",687,204.156802482798,222.389298303673
"All_spots",688,209.351379264623,222.389298303673
"All_spots",689,198.010100752462,222.389298303673
"All_spots",690,204.156802482798,222.389298303673
"All_spots",691,208.806130178211,222.389298303673
"All_spots",692,199.722307216795,222.389298303673
"All_spots",693,204.1984329029,222.389298303673
"All_spots",694,205.156038175824,222.389298303673
"All_spots",695,187.408644411084,222.389298303673
"All_spots",696,200.743617582228,222.389298303673
"All_spots",697,205.156038175824,222.389298303673
"All_spots",698,196.308430791956,222.389298303673
"All_spots",699,178.807158693381,222.389298303673
"All_spots",700,204.156802482798,222.389298303673
"All_spots",701,208.355465491069,222.389298303673
"All_spots",702,210.297408448131,222.389298303673
"All_spots",703,205.156038175824,222.389298303673
"All_spots",704,207.992788336519,222.389298303673
"All_spots",705,193.940712590214,222.389298303673
"All_spots",706,207.634293891929,222.389298303673
"All_spots",707,203.393706883964,222.389298303673
"All_spots",708,204.1984329029,222.389298303673
"All_spots",709,193.155377869735,222.389298303673
"All_spots",710,204.156802482798,222.389298303673
"All_spots",711,198.929635801205,222.389298303673
"All_spots",712,182.408881362723,222.389298303673
"All_spots",713,174.1551032844,222.389298303673
"All_spots",714,197.489240213233,222.389298303673
"All_spots",715,198.385987408385,222.389298303673
"All_spots",716,210.344954776672,222.389298303673
"All_spots",717,199.251097863977,222.389298303673
"All_spots",718,200.551738960299,222.389298303673
"All_spots",719,204.120062708201,222.389298303673
"All_spots",720,184.024454896625,222.389298303673
"All_spots",721,208.542561603141,222.389298303673
"All_spots",722,200.551738960299,222.389298303673
"All_spots",723,208.254651808789,222.389298303673
"All_spots",724,204.156802482798,222.389298303673
"All_spots",725,198.979898482234,222.389298303673
"All_spots",726,204.120062708201,222.389298303673
"All_spots",727,200.242353162362,222.389298303673
"All_spots",728,208.925824157762,222.389298303673
"All_spots",729,211.376441449846,222.389298303673
"All_spots",730,205.197465871292,222.389298303673
"All_spots",731,204.156802482798,222.389298303673
"All_spots",732,193.940712590214,222.389298303673
"All_spots",733,207.86774641584,222.389298303673
"All_spots",734,207.86774641584,222.389298303673
"All_spots",735,213.459598050779,222.389298303673
"All_spots",736,197.489240213233,222.389298303673
"All_spots",737,184.024454896625,222.389298303673
"All_spots",738,200.242353162362,222.389298303673
"All_spots",739,200.927847746399,222.389298303673
"All_spots",740,202.35859260234,222.389298303673
"All_spots",741,198.385987408385,222.389298303673
"All_spots",742,198.385987408385,222.389298303673
"All_spots",743,204.636262671111,222.389298303673
"All_spots",744,210.297408448131,222.389298303673
"All_spots",745,212.445287074108,222.389298303673
"All_spots",746,195.77793542685,222.389298303673
"All_spots",747,192.626581758593,222.389298303673
"All_spots",748,204.156802482798,222.389298303673
"All_spots",749,200.638979263751,222.389298303673
"All_spots",750,212.809774211618,222.389298303673
"All_spots",751,209.504176569347,222.389298303673
"All_spots",752,196.697737658571,222.389298303673
"All_spots",753,199.672231419394,222.389298303673
"All_spots",754,198.929635801205,222.389298303673
"All_spots",755,206.155281280883,222.389298303673
"All_spots",756,211.322029140362,222.389298303673
"All_spots",757,207.238992470047,222.389298303673
"All_spots",758,197.448727521856,222.389298303673
"All_spots",759,204.156802482798,222.389298303673
"All_spots",760,207.793166393893,222.389298303673
"All_spots",761,204.120062708201,222.389298303673
"All_spots",762,196.173392691262,222.389298303673
"All_spots",763,201.955440629858,222.389298303673
"All_spots",764,211.879682839106,222.389298303673
"All_spots",765,207.740222393257,222.389298303673
"All_spots",766,205.156038175824,222.389298303673
"All_spots",767,204.636262671111,222.389298303673
"All_spots",768,207.793166393893,222.389298303673
"All_spots",769,204.156802482798,222.389298303673
"All_spots",770,205.625873858326,222.389298303673
"All_spots",771,203.393706883964,222.389298303673
"All_spots",772,195.256241897666,222.389298303673
"All_spots",773,199.722307216795,222.389298303673
"All_spots",774,206.196508214858,222.389298303673
"All_spots",775,176.309387157916,222.389298303673
"All_spots",776,193.155377869735,222.389298303673
"All_spots",777,209.84756372186,222.389298303673
"All_spots",778,204.156802482798,222.389298303673
"All_spots",779,193.940712590214,222.389298303673
"All_spots",780,192.626581758593,222.389298303673
"All_spots",781,207.793166393893,222.389298303673
"All_spots",782,181.60396471443,222.389298303673
"All_spots",783,204.156802482798,222.389298303673
"All_spots",784,200.638979263751,222.389298303673
"All_spots",785,207.634293891929,222.389298303673
"All_spots",786,195.386795869117,222.389298303673
"All_spots",787,196.654519398869,222.389298303673
"All_spots",788,202.871880752361,222.389298303673
"All_spots",789,200.638979263751,222.389298303673
"All_spots",790,198.385987408385,222.389298303673
"All_spots",791,175.567650778838,222.389298303673
"All_spots",792,203.393706883964,222.389298303673
"All_spots",793,203.002463039245,222.389298303673
"All_spots",794,205.119477378429,222.389298303673
"All_spots",795,175.567650778838,222.389298303673
"All_spots",796,201.201391645287,222.389298303673
"All_spots",797,202.232539419353,222.389298303673
"All_spots",798,197.223223784624,222.389298303673
"All_spots",799,202.474689776278,222.389298303673
"All_spots",800,175.641680702503,222.389298303673
"All_spots",801,204.120062708201,222.389298303673
"All_spots",802,195.256241897666,222.389298303673
"All_spots",803,205.156038175824,222.389298303673
"All_spots",804,205.119477378429,222.389298303673
"All_spots",805,207.077280260293,222.389298303673
"All_spots",806,208.925824157762,222.389298303673
"All_spots",807,204.120062708201,222.389298303673
"All_spots",808,206.155281280883,222.389298303673
"All_spots",809,213.178329105001,222.389298303673
"All_spots",810,213.600093632938,222.389298303673
"All_spots",811,195.386795869117,222.389298303673
"All_spots",812,204.707107839469,222.389298303673
"All_spots",813,207.238992470047,222.389298303673
"All_spots",814,200.242353162362,222.389298303673
"All_spots",815,213.018778514947,222.389298303673
"All_spots",816,213.002347404905,222.389298303673
"All_spots",817,198.539668580362,222.389298303673
"All_spots",818,212.445287074108,222.389298303673
"All_spots",819,204.156802482798,222.389298303673
"All_spots",820,199.624647776771,222.389298303673
"All_spots",821,213.178329105001,222.389298303673
"All_spots",822,185.585559783082,222.389298303673
"All_spots",823,202.871880752361,222.389298303673
"All_spots",824,196.173392691262,222.389298303673
"All_spots",825,204.156802482798,222.389298303673
"All_spots",826,199.323857076869,222.389298303673
"All_spots",827,197.489240213233,222.389298303673
"All_spots",828,205.197465871292,222.389298303673
"All_spots",829,198.040399918804,222.389298303673
"All_spots",830,205.156038175824,222.389298303673
"All_spots",831,199.323857076869,222.389298303673
"All_spots",832,207.992788336519,222.389298303673
"All_spots",833,195.931110342385,222.389298303673
"All_spots",834,195.386795869117,222.389298303673
"All_spots",835,206.155281280883,222.389298303673
"All_spots",836,198.929635801205,222.389298303673
"All_spots",837,198.979898482234,222.389298303673
"All_spots",838,194.288445358956,222.389298303673
"All_spots",839,200.551738960299,222.389298303673
"All_spots",840,199.624647776771,222.389298303673
"All_spots",841,201.955440629858,222.389298303673
"All_spots",842,211.376441449846,222.389298303673
"All_spots",843,198.539668580362,222.389298303673
"All_spots",844,205.156038175824,222.389298303673
"All_spots",845,205.156038175824,222.389298303673
"All_spots",846,204.156802482798,222.389298303673
"All_spots",847,200.743617582228,222.389298303673
"All_spots",848,207.634293891929,222.389298303673
"All_spots",849,212.249852767911,222.389298303673
"All_spots",850,199.672231419394,222.389298303673
"All_spots",851,197.489240213233,222.389298303673
"All_spots",852,199.849943707773,222.389298303673
"All_spots",853,204.120062708201,222.389298303673
"All_spots",854,205.156038175824,222.389298303673
"All_spots",855,208.925824157762,222.389298303673
"All_spots",856,201.955440629858,222.389298303673
"All_spots",857,204.592277469117,222.389298303673
"All_spots",858,205.119477378429,222.389298303673
"All_spots",859,205.766858361593,222.389298303673
"All_spots",860,198.979898482234,222.389298303673
"All_spots",861,175.567650778838,222.389298303673
"All_spots",862,174.897112611958,222.389298303673
"All_spots",863,204.156802482798,222.389298303673
"All_spots",864,198.736005796635,222.389298303673
"All_spots",865,175.641680702503,222.389298303673
"All_spots",866,195.386795869117,222.389298303673
"All_spots",867,212.249852767911,222.389298303673
"All_spots",868,212.445287074108,222.389298303673
"All_spots",869,204.156802482798,222.389298303673
"All_spots",870,211.879682839106,222.389298303673
"All_spots",871,184.252544080129,222.389298303673
"All_spots",872,203.157574311174,222.389298303673
"All_spots",873,204.1984329029,222.389298303673
"All_spots",874,204.1984329029,222.389298303673
"All_spots",875,195.386795869117,222.389298303673
"All_spots",876,197.800404448525,222.389298303673
"All_spots",877,207.793166393893,222.389298303673
"All_spots",878,190.168346472277,222.389298303673
"All_spots",879,199.672231419394,222.389298303673
"All_spots",880,204.156802482798,222.389298303673
"All_spots",881,208.355465491069,222.389298303673
"All_spots",882,198.406149098258,222.389298303673
"All_spots",883,199.323857076869,222.389298303673
"All_spots",884,199.323857076869,222.389298303673
"All_spots",885,193.940712590214,222.389298303673
"All_spots",886,183.60010893243,222.389298303673
"All_spots",887,199.323857076869,222.389298303673
"All_spots",888,204.636262671111,222.389298303673
"All_spots",889,204.313484625954,222.389298303673
"All_spots",890,207.793166393893,222.389298303673
"All_spots",891,206.155281280883,222.389298303673
"All_spots",892,201.556443707464,222.389298303673
"All_spots",893,206.155281280883,222.389298303673
"All_spots",894,198.539668580362,222.389298303673
"All_spots",895,210.297408448131,222.389298303673
"All_spots",896,211.879682839106,222.389298303673
"All_spots",897,206.494551986245,222.389298303673
"All_spots",898,205.197465871292,222.389298303673
"All_spots",899,204.313484625954,222.389298303673
"All_spots",900,199.323857076869,222.389298303673
"All_spots",901,186.603858481008,222.389298303673
"All_spots",902,208.463426048792,222.389298303673
"All_spots",903,213.138452654607,222.389298303673
"All_spots",904,205.625873858326,222.389298303673
"All_spots",905,198.929635801205,222.389298303673
"All_spots",906,196.094365038876,222.389298303673
"All_spots",907,187.20042734994,222.389298303673
"All_spots",908,204.1984329029,222.389298303673
"All_spots",909,202.35859260234,222.389298303673
"All_spots",910,193.545860198559,222.389298303673
"All_spots",911,204.313484625954,222.389298303673
"All_spots",912,176.309387157916,222.389298303673
"All_spots",913,208.355465491069,222.389298303673
"All_spots",914,182.408881362723,222.389298303673
"All_spots",915,202.871880752361,222.389298303673
"All_spots",916,204.156802482798,222.389298303673
"All_spots",917,198.385987408385,222.389298303673
"All_spots",918,200.638979263751,222.389298303673
"All_spots",919,198.806438527529,222.389298303673
"All_spots",920,204.156802482798,222.389298303673
"All_spots",921,204.120062708201,222.389298303673
"All_spots",922,208.734280845289,222.389298303673
"All_spots",923,204.156802482798,222.389298303673
"All_spots",924,204.156802482798,222.389298303673
"All_spots",925,204.120062708201,222.389298303673
"All_spots",926,198.010100752462,222.389298303673
"All_spots",927,212.249852767911,222.389298303673
"All_spots",928,196.697737658571,222.389298303673
"All_spots",929,202.35859260234,222.389298303673
"All_spots",930,211.322029140362,222.389298303673
"All_spots",931,209.697401033012,222.389298303673
"All_spots",932,199.722307216795,222.389298303673
"All_spots",933,207.424685126915,222.389298303673
"All_spots",934,175.641680702503,222.389298303673
"All_spots",935,208.925824157762,222.389298303673
"All_spots",936,193.545860198559,222.389298303673
"All_spots",937,207.992788336519,222.389298303673
"All_spots",938,174.897112611958,222.389298303673
"All_spots",939,199.722307216795,222.389298303673
"All_spots",940,192.626581758593,222.389298303673
"All_spots",941,202.871880752361,222.389298303673
"All_spots",942,203.157574311174,222.389298303673
"All_spots",943,199.323857076869,222.389298303673
"All_spots",944,204.156802482798,222.389298303673
"All_spots",945,206.118897726531,222.389298303673
"All_spots",946,204.156802482798,222.389298303673
"All_spots",947,207.740222393257,222.389298303673
"All_spots",948,195.386795869117,222.389298303673
"All_spots",949,208,222.389298303673
"All_spots",950,196.094365038876,222.389298303673
"All_spots",951,184.401735349752,222.389298303673
"All_spots",952,204.1984329029,222.389298303673
"All_spots",953,203.54115063053,222.389298303673
"All_spots",954,204.156802482798,222.389298303673
"All_spots",955,204.636262671111,222.389298303673
"All_spots",956,195.256241897666,222.389298303673
"All_spots",957,187.408644411084,222.389298303673
"All_spots",958,198.736005796635,222.389298303673
"All_spots",959,198.040399918804,222.389298303673
"All_spots",960,208.722303551872,222.389298303673
"All_spots",961,193.545860198559,222.389298303673
"All_spots",962,198.010100752462,222.389298303673
"All_spots",963,204.156802482798,222.389298303673
"All_spots",964,185.002702682961,222.389298303673
"All_spots",965,201.315672514586,222.389298303673
"All_spots",966,204.188638273534,222.389298303673
"All_spots",967,199.849943707773,222.389298303673
"All_spots",968,195.386795869117,222.389298303673
"All_spots",969,187.408644411084,222.389298303673
"All_spots",970,200.242353162362,222.389298303673
"All_spots",971,204.156802482798,222.389298303673
"All_spots",972,205.197465871292,222.389298303673
"All_spots",973,204.156802482798,222.389298303673
"All_spots",974,192.23423212321,222.389298303673
"All_spots",975,202.607995893548,222.389298303673
"All_spots",976,194.23954283307,222.389298303673
"All_spots",977,202.871880752361,222.389298303673
"All_spots",978,204.636262671111,222.389298303673
"All_spots",979,192.626581758593,222.389298303673
"All_spots",980,208.355465491069,222.389298303673
"All_spots",981,196.847656831368,222.389298303673
"All_spots",982,192.23423212321,222.389298303673
"All_spots",983,175.641680702503,222.389298303673
"All_spots",984,200.002499984375,222.389298303673
"All_spots",985,174.1551032844,222.389298303673
"All_spots",986,176.819116613561,222.389298303673
"All_spots",987,203.120653799657,222.389298303673
"All_spots",988,199.849943707773,222.389298303673
"All_spots",989,204.1984329029,222.389298303673
"All_spots",990,198.385987408385,222.389298303673
"All_spots",991,198.385987408385,222.389298303673
"All_spots",992,198.322968916866,222.389298303673
"All_spots",993,212.809774211618,222.389298303673
"All_spots",994,199.323857076869,222.389298303673
"All_spots",995,205.156038175824,222.389298303673
"All_spots",996,204.156802482798,222.389298303673
"All_spots",997,205.197465871292,222.389298303673
"All_spots",998,205.119477378429,222.389298303673
"All_spots",999,207.86774641584,222.389298303673
"All_spots",1000,198.406149098258,222.389298303673
